date,T,U,Ff,ff10,VV,Td,VPD,RRR,Po,P,Pa,T_max,T_min
2020-08-07,23.1125,70.75,1.5,,15.125,16.9875,0.9376023740554217,0.0,735.075,755.5,-0.225,27.1,17.0
2020-08-08,25.3125,70.125,1.875,,12.925,18.875,1.1243183113421567,0.0,730.525,750.7,-0.5625,30.8,18.4
2020-08-09,24.2875,84.375,2.375,,12.125,21.3875,0.5006127056626115,1.2,728.25,748.35,-0.1375,27.5,21.8
2020-08-10,25.475,79.375,3.125,,10.375,21.4125,0.7472451195898646,1.6,729.2875,749.45,0.21250000000000002,29.2,21.4
2020-08-11,24.8625,73.5,3.125,,11.125,19.625,0.8761502630859062,6.3,732.2625,752.4375,0.5625,29.6,22.0
2020-08-12,25.337500000000002,67.625,2.875,,13.9375,18.425,1.1119695636438596,3.0,736.8875,757.175,0.39999999999999997,29.0,23.1
2020-08-13,22.52857142857143,87.71428571428571,3.4285714285714284,,10.714285714285714,20.271428571428572,0.3393426528859268,58.0,730.2428571428571,750.5142857142857,-1.04,24.0,20.2
2020-08-14,24.1875,73.625,4.0,,15.5,18.775,0.8898326666270329,11.0,726.8875,747.0125,0.4875,28.3,18.9
2020-08-15,22.8,75.0,2.375,,16.375,17.625,0.8136446664112922,0.0,732.5625,752.8875,0.5625,27.9,18.5
2020-08-16,24.4625,72.125,1.125,,12.625,18.35,1.0600897407324652,0.0,735.6375,755.9875,0.3,30.4,17.1
2020-08-17,23.7,85.0,2.25,,8.9125,20.9125,0.4405247949518555,12.7,735.925,756.2625,-0.375,25.9,22.3
2020-08-18,25.7625,80.75,3.25,,9.5,21.8125,0.7301640126037936,20.0,734.525,754.7375,0.17500000000000002,29.9,20.2
2020-08-19,18.7625,89.5,2.625,,10.0,16.875,0.218798116902254,65.5,738.05,758.725,0.7,20.1,16.6
2020-08-20,18.275,63.25,2.5,,14.875,10.675,0.847355147669877,0.0,742.2875,763.2875,0.175,22.8,13.2
2020-08-21,19.2375,64.875,1.875,,13.75,11.75,0.923604377001696,0.0,741.65,762.525,-0.1875,25.0,13.1
2020-08-22,20.15,74.125,1.0,,11.625,14.5625,0.7949216346636794,0.0,738.2625,759.0,-0.6,26.2,12.3
2020-08-23,22.675,71.125,2.25,,10.75,16.65,0.8952278547374293,0.0,733.625,754.05,-0.44999999999999996,26.8,16.9
2020-08-24,20.0,93.375,1.75,,5.5625,18.7625,0.17741663381718842,118.0,729.55,749.95,-0.4,22.8,18.7
2020-08-25,22.9125,84.875,2.125,,9.025,20.0125,0.49623991972647336,6.1,732.3375,752.7875,0.7,27.7,18.6
2020-08-26,24.375,76.875,1.875,,11.5,19.65,0.7842929663720009,0.0,734.975,755.3125,-0.14999999999999997,27.8,20.7
2020-08-27,22.0375,98.625,3.125,,4.1625,21.775,0.04217651878791012,148.0,729.4,749.6625,-0.4875,22.7,21.1
2020-08-28,22.125,94.25,2.25,,8.325,21.125,0.16403694315371697,22.9,732.675,753.0875,0.65,24.5,20.5
2020-08-29,18.0,91.0,2.375,,11.625,16.45,0.19722301375928086,0.0,737.2875,758.05,0.475,19.8,15.9
2020-08-30,21.0125,81.375,1.875,,11.4875,17.5,0.5291700591751229,0.0,739.2625,760.0,0.037500000000000006,25.2,15.3
2020-08-31,24.75,74.375,2.875,,10.25,19.7125,0.8587319871094856,0.0,736.5625,756.95,-0.525,28.7,20.2
2020-09-01,22.8,82.5,2.375,,10.4125,19.425,0.5458508934488034,73.6,733.6,753.9125,-0.06249999999999999,26.2,18.4
2020-09-02,22.425,76.75,1.875,,11.125,17.875,0.6695000464149516,3.0,735.1125,755.55,0.125,25.6,20.6
2020-09-03,17.15,95.875,5.0,,5.65,16.4375,0.09232535352278887,275.0,726.5375,746.9875,-1.157142857142857,19.6,14.8
2020-09-04,17.075,84.25,5.0,,12.6625,14.2375,0.3387303559154098,138.0,730.5,751.3,1.1,19.6,14.3
2020-09-05,19.7875,75.75,3.125,,14.0,15.3375,0.576861754476548,18.1,735.75,756.425,0.475,23.8,17.6
2020-09-06,20.6875,77.875,1.75,,12.125,16.25,0.6522897261189329,6.0,737.8125,758.5,0.0625,26.5,16.4
2020-09-07,19.6125,88.125,3.25,,8.7375,17.475,0.30077610905118485,9.0,734.2875,754.8625,-1.0375,22.2,16.5
2020-09-08,16.025,99.0,6.0,,4.0,15.825,0.02313244387555219,254.0,727.4375,748.0375,-0.012500000000000004,16.4,15.6
2020-09-09,15.7,99.0,4.125,,3.3625,15.5,0.02271937858496728,187.0,730.4875,751.3,0.1875,16.8,15.2
2020-09-10,16.9375,96.0,2.625,,8.3875,16.25,0.08687378042500152,36.3,734.925,755.7875,1.0875,19.1,15.4
2020-09-11,18.15,87.875,3.25,,11.875,15.950000000000001,0.2969101533653161,0.0,743.325,764.325,0.725,22.1,14.5
2020-09-12,17.9875,85.0,2.25,,12.375,15.3375,0.33518871807379547,0.0,745.6125,766.65,-0.07499999999999998,21.1,14.5
2020-09-13,17.25,81.5,1.75,,11.3125,13.6625,0.4416594334480901,0.0,742.875,763.8625,-0.4875,21.9,12.5
2020-09-14,16.5,81.625,1.125,,9.825,12.85,0.444177755819531,0.0,740.3875,761.425,0.04285714285714286,21.7,9.9
2020-09-15,19.1625,75.5,2.125,,12.375,14.4375,0.6052516448366431,0.0,737.8,758.6125,-0.875,22.5,13.6
2020-09-16,18.225,66.25,3.625,,14.125,11.137500000000001,0.7352352491134901,23.0,730.225,750.775,-0.575,22.1,16.1
2020-09-17,14.5375,70.625,3.875,,16.25,9.1625,0.48970983717669186,13.0,730.7,751.5125,0.32499999999999996,16.1,13.6
2020-09-18,13.875,82.25,3.375,,15.625,10.8125,0.2998255842876547,12.0,733.7,754.7375,0.4875,16.3,10.9
2020-09-19,12.775,94.75,1.25,,10.375,11.925,0.08074982200397751,20.6,738.1625,759.35,0.6,14.2,10.2
2020-09-20,12.475,87.875,1.625,,11.4625,10.35,0.20230886545937843,0.4,742.1375,763.525,0.375,15.5,9.0
2020-09-21,13.2125,84.25,1.25,,11.075,10.35,0.2807263105732468,0.0,743.6375,765.025,-0.07142857142857142,16.8,9.9
2020-09-22,13.0625,94.75,1.5,,7.0375,12.25,0.07728708611237228,20.0,742.9625,764.325,0.08750000000000001,14.5,10.0
2020-09-23,13.85,84.375,1.0,,6.225,10.7125,0.33170717069529926,0.4,744.0,765.35,-0.08750000000000001,19.8,10.0
2020-09-24,15.425,84.5,1.375,,5.9625,12.6125,0.32741503578996767,0.0,742.4125,763.5625,-0.15000000000000002,20.3,8.9
2020-09-25,16.15,84.625,0.875,,6.8125,13.1375,0.36879534169591155,0.0,742.4,763.525,0.15,22.0,12.0
2020-09-26,15.7375,79.125,0.875,,7.875,11.15,0.5290358371229742,0.0,743.55,764.725,0.024999999999999984,22.5,9.9
2020-09-27,18.8875,66.0,3.0,,10.425,11.7875,0.8437201774814298,0.0,741.625,762.5875,-0.35,24.3,13.6
2020-09-28,15.0375,84.875,2.875,,7.5125,12.2,0.28652332472908426,1.6,740.1125,761.1,0.025,18.9,10.1
2020-09-29,10.133333333333333,79.5,2.0,,9.285714285714286,5.966666666666666,0.3203187769430444,2.0,740.4428571428572,761.9499999999999,-0.13333333333333333,15.1,4.8
2020-09-30,9.4375,70.75,1.5,,8.1,3.075,0.47613356985996225,0.0,741.0,762.8000000000001,-0.08750000000000001,16.0,2.8
2020-10-01,10.0625,79.125,2.0,,8.8625,6.3875,0.2995826668021898,0.4,737.7125,759.2,-0.5874999999999999,13.4,3.5
2020-10-02,12.9375,65.875,4.125,,12.75,6.025,0.5441044764001374,2.8,735.8625,757.0375,0.375,15.9,9.4
2020-10-03,11.4375,55.5,3.125,,15.375,2.15,0.6682848559895579,0.0,738.1625,759.5125,-0.35,16.9,6.6
2020-10-04,8.075,81.625,4.25,,13.5,4.8125,0.21859025954048492,12.1,735.6125,757.025,0.1625,11.9,6.0
2020-10-05,8.1125,75.5,3.25,,14.25,3.4375,0.3146932450608318,1.2,741.225,762.9375,0.8250000000000001,13.0,2.7
2020-10-06,6.925,70.375,2.0,,11.25,0.6124999999999999,0.3966933840335105,0.0,745.0,766.8875,0.3125,14.0,1.5
2020-10-07,7.8875,73.625,0.75,,9.75,2.5625,0.40280636649375656,0.0,747.5500000000001,769.4625,0.3625,16.6,1.2
2020-10-08,12.55,66.625,2.25,,7.375,6.0625,0.5820544586777242,0.0,749.025,770.7375,,18.9,1.9
2020-10-09,16.3875,42.25,2.625,,11.25,2.7875,1.124727343078691,0.0,744.95,766.1625,-0.45,20.5,13.0
2020-10-10,16.525,61.625,3.25,,9.5,8.6625,0.7665914758698482,0.0,741.7125,762.775,-0.4125,20.9,13.6
2020-10-11,9.3625,85.75,2.375,,10.625,7.0874999999999995,0.17528601548975586,7.7,740.7875,762.1375,0.3125,15.1,3.2
2020-10-12,5.8375,49.875,2.125,,15.0,-5.1,0.5258852696688152,0.0,742.7625,764.7125,-0.11249999999999999,11.0,0.2
2020-10-13,5.75,42.375,4.5,,14.25,-6.45,0.5459050750545724,0.0,743.2875,765.1375,0.775,9.7,0.2
2020-10-14,1.85,46.125,2.625,,17.0,-9.225,0.4057727124605437,0.0,748.875,771.2625,-0.06250000000000001,6.3,-2.7
2020-10-15,7.5,35.875,3.125,,14.125,-7.1125,0.7030230245668562,0.0,745.375,767.325,-0.425,13.0,2.6
2020-10-16,7.2875,42.5,3.25,,13.375,-5.2625,0.6158943276401895,0.0,743.65,765.45,-0.21250000000000002,11.1,4.6
2020-10-17,10.674999999999999,39.125,3.375,,13.875,-3.125,0.8314945165373129,0.0,741.1625,762.7,0.11250000000000002,16.7,6.7
2020-10-18,6.4375,44.875,1.875,,14.625,-6.0375,0.6025913642220079,0.0,745.475,767.3625,0.16250000000000003,12.0,-1.7
2020-10-19,12.4125,36.625,3.375,,12.0,-2.5,0.9638747480472598,0.0,744.1625,765.75,-0.15,18.3,6.7
2020-10-20,14.875,55.125,3.5,,6.75,5.5125,0.8199328929591273,0.0,742.95,764.2,-0.675,19.9,10.1
2020-10-21,9.15,70.75,3.375,,9.125,3.6875,0.3737315013002594,55.6,738.525,759.8625,0.062499999999999986,15.1,2.2
2020-10-22,1.6625,57.75,2.125,,15.25,-6.275,0.32196527744142717,0.0,741.7,763.825,0.3375,6.5,-3.7
2020-10-23,-0.575,62.875,2.0,,17.75,-7.9125,0.2726582654134412,0.0,742.5,764.875,-0.0375,5.8,-6.1
2020-10-24,3.0375,51.625,2.875,,16.25,-6.925,0.44140161648944976,0.0,741.6375,763.8625,-0.2,9.5,-6.4
2020-10-25,5.8625,48.375,1.75,,10.625,-5.0125,0.5384339145669139,0.0,742.5375,764.4375,0.39999999999999997,13.3,-0.6
2020-10-26,7.625,61.25,1.875,,8.7125,-1.0125000000000002,0.5273232166271891,0.0,742.3375,764.1875,-0.3375,14.6,-2.8
2020-10-27,4.7875,45.625,2.875,,13.25,-6.8125,0.49412924416890874,0.0,745.1625,767.075,0.6125,9.5,0.8
2020-10-28,1.125,43.125,2.375,,14.25,-10.9625,0.4133296385280292,0.0,747.1125,769.4625,0.2125,6.8,-3.7
2020-10-29,0.8500000000000001,52.375,1.375,,12.375,-8.6375,0.35471337907824474,0.0,749.15,771.6625,0.275,7.3,-3.4
2020-10-30,4.55,50.0,2.125,,12.0,-6.375,0.5151928772519753,0.0,748.325,770.6375,-0.725,10.7,-4.3
2020-10-31,9.65,49.5,4.375,,8.625,-0.8125,0.590521996361407,4.2,738.5875,760.125,-0.8,13.1,6.2
2020-11-01,4.85,44.125,4.125,,15.75,-6.5875,0.49806398818575454,0.0,740.125,761.875,0.525,8.0,0.7
2020-11-02,0.625,42.875,4.25,,17.625,-10.8625,0.3764137401805713,0.0,742.05,764.275,0.0125,4.6,-2.5
2020-11-03,-3.7,43.5,3.125,,22.625,-14.7875,0.27465138753865403,0.0,743.225,765.875,0.1875,0.0,-6.9
2020-11-04,0.3625,35.0,2.75,,17.875,-14.1125,0.45281035147908194,0.0,742.575,765.0875,-0.325,6.4,-7.4
2020-11-05,6.9125,59.125,2.875,,8.625,-1.0125,0.436078856926588,0.0,740.8125,762.675,-0.2375,12.4,3.0
2020-11-06,10.425,41.5,5.375,,10.5,-3.3625,0.7488063332367507,0.0,737.2,758.6,-0.22500000000000003,13.7,5.2
2020-11-07,3.2625,42.5,3.125,,13.5,-9.175,0.47830739892938423,0.0,739.25,761.175,0.5857142857142856,8.8,-1.1
2020-11-08,-1.55,42.25,3.625,,19.75,-13.0125,0.3262417055133099,0.0,745.3375,767.8,0.425,2.3,-3.5
2020-11-09,-4.8625,49.5,2.125,,22.5,-14.3875,0.23537109086016786,0.0,746.65,769.5,0.375,-0.1,-9.7
2020-11-10,0.9499999999999998,45.75,2.75,,16.875,-9.875,0.3951213380421911,0.0,747.8125,770.5,-0.1375,6.5,-9.4
2020-11-11,8.9375,54.25,3.25,,8.875,-0.22499999999999998,0.5720131128867038,0.0,746.55,768.4625,-0.35,14.5,3.8
2020-11-12,9.1,52.5,4.0,,9.75,-0.6124999999999999,0.574627656450653,0.0,744.6375,766.2875,0.575,13.5,2.8
2020-11-13,2.0625,57.625,1.375,,14.0,-6.0125,0.34211649942510025,0.0,751.8,774.2,0.225,8.1,-4.2
2020-11-14,6.275,39.0,2.75,,11.25,-8.075,0.657773727225006,0.0,747.9,770.0625,-0.75,12.6,-1.5
2020-11-15,6.0875,61.875,3.625,,8.25,-1.05,0.38121465633129353,0.0,746.375,768.275,0.7125,10.8,0.2
2020-11-16,1.4625,61.625,1.625,,10.7875,-6.4125000000000005,0.3211522251660348,0.0,750.3375,772.85,-0.5375,6.9,-5.6
2020-11-17,7.8125,74.0,3.625,,4.425,3.175,0.27436694177708654,4.4,743.2625,765.15,-0.35000000000000003,12.1,3.8
2020-11-18,0.36249999999999993,100.0,4.375,,3.925,0.36249999999999993,0.0,21.6,741.475,763.5875,-1.1875,3.4,-1.1
2020-11-19,-5.1625,98.125,3.375,,16.0125,-5.4125000000000005,0.006900167481050538,96.0,734.0125,756.4625,0.7,-0.7,-7.4
2020-11-20,-9.0375,89.0,1.75,,27.625,-10.5625,0.03580915983519184,15.2,746.3625,769.575,1.175,-7.0,-10.8
2020-11-21,-7.1,91.125,1.875,,17.875,-8.337499999999999,0.03312675432039438,0.0,749.0875,772.3625,-0.03750000000000002,-6.0,-8.8
2020-11-22,-11.1125,84.625,1.75,,24.5,-13.3,0.04577346694950045,0.0,749.0625,772.5375,-0.037500000000000006,-7.3,-15.0
2020-11-23,-7.8625,76.125,4.0,,29.75,-11.35,0.0832631971441962,0.0,747.7125,771.0125,0.08749999999999998,-5.1,-11.4
2020-11-24,-4.8625,78.125,2.5,,17.0,-8.15,0.09715573895285831,0.0,748.45,771.4625,-0.275,-3.0,-8.0
2020-11-25,-5.7375,87.125,2.375,,11.125,-7.6375,0.05708172045879199,0.0,748.2,771.15,0.6,-3.3,-10.7
2020-11-26,-8.925,92.25,0.875,,8.45,-10.0125,0.029119311592584893,0.0,753.15,776.6,0.11250000000000002,-3.8,-12.5
2020-11-27,-11.4625,81.125,2.0,,18.375,-14.25,0.05502455190691441,0.0,751.7875,775.4375,-0.225,-7.6,-15.6
2020-11-28,-12.0875,82.25,1.75,,23.75,-14.6,0.04775546943627323,0.0,750.9625,774.65,-0.2125,-8.4,-14.8
2020-11-29,-11.325,84.875,2.5,,17.375,-13.4375,0.04333864651505255,0.0,749.9875,773.6,0.25,-7.6,-15.8
2020-11-30,-11.0625,78.625,3.5,,30.0,-14.0625,0.0577629271551985,0.0,753.5375,777.2125,0.5,-8.9,-13.5
2020-12-01,-11.05,77.625,3.0,,29.75,-14.25,0.061529777929226384,0.0,754.9125,778.65,-0.2,-8.5,-13.3
2020-12-02,-10.7625,73.375,3.75,,27.75,-14.675,0.07431266227214112,0.0,751.5625,775.1625,-0.4375,-8.8,-12.8
2020-12-03,-10.35,74.5,4.25,,30.0,-14.0875,0.0757576008357187,0.0,749.8,773.3375,-0.1,-7.6,-13.9
2020-12-04,-8.825,65.75,4.25,,28.875,-14.15,0.11103797293139922,0.0,748.05,771.375,-0.3125,-6.6,-11.3
2020-12-05,-7.7,62.25,3.625,,25.75,-13.7375,0.13256654424505837,0.0,747.5375,770.7375,0.012500000000000011,-5.0,-10.1
2020-12-06,-8.075,69.375,3.25,,23.375,-12.8375,0.1060105117898142,0.0,746.1375,769.2625,0.10000000000000002,-5.8,-11.2
2020-12-07,-11.7875,71.875,3.875,,30.0,-15.925,0.07258698476949667,0.0,748.7375,772.275,0.09999999999999999,-9.9,-14.1
2020-12-08,-10.1375,57.125,3.5,,30.0,-17.1375,0.1262559003061836,0.0,747.475,770.9625,-0.3375,-7.6,-12.9
2020-12-09,-5.0125,57.25,3.125,,19.5,-12.25,0.1843159232014101,0.0,742.35,765.25,-0.6125,-1.9,-8.8
2020-12-10,-6.6875,61.0,3.875,,24.0,-13.1125,0.15232878329037727,0.0,741.6125,764.5,0.23750000000000002,-3.2,-9.5
2020-12-11,-11.35,71.5,1.625,,23.5,-15.675,0.079478346648516,0.0,744.3375,767.625,0.2,-7.1,-13.7
2020-12-12,-13.775,70.5,1.375,,19.0,-18.3125,0.06890335021997633,0.0,743.6375,767.2125,-0.1125,-10.6,-18.8
2020-12-13,-17.15,71.75,2.75,,23.75,-21.25,0.04843694627990737,0.0,745.7875,769.775,0.4375,-14.1,-19.8
2020-12-14,-17.825,65.625,3.125,,29.75,-22.8,0.05401170913230411,0.0,748.175,772.3,0.275,-14.8,-20.0
2020-12-15,-19.5625,65.875,2.125,,29.125,-24.4125,0.046415519396383616,0.0,750.3125,774.6625,0.15000000000000002,-16.2,-21.8
2020-12-16,-17.5625,61.0,2.625,,29.0,-23.4375,0.06399997058363283,0.0,750.325,774.6125,-0.2625,-14.9,-20.7
2020-12-17,-12.4625,61.375,4.125,,29.375,-18.425,0.09218365487946789,0.0,746.95,770.6625,-0.15,-9.5,-14.5
2020-12-18,-14.65,59.875,3.625,,30.0,-20.8625,0.0818789033114124,0.0,749.7125,773.5375,0.4875,-11.6,-16.7
2020-12-19,-15.775,60.25,2.625,,29.875,-21.7875,0.07343986041410398,0.0,751.125,775.1625,-0.049999999999999996,-12.7,-18.3
2020-12-20,-11.8125,62.875,3.5,,29.625,-17.575,0.09833254622042385,0.0,749.175,772.9,-0.4125,-8.7,-15.7
2020-12-21,-6.0875,56.875,4.375,,21.25,-13.3125,0.1719674828496178,0.0,745.1,768.175,-0.45,-3.7,-9.0
2020-12-22,-3.3375,71.0,3.375,,12.25,-7.95,0.14409982698633447,0.0,741.9,764.55,-0.3375,-0.2,-5.3
2020-12-23,-4.35,73.375,4.0,,11.5125,-8.55,0.12127538704777252,0.0,738.0375,760.575,-0.22499999999999998,-2.2,-9.4
2020-12-24,-10.875,81.125,3.125,,21.625,-13.6,0.052033550951695234,0.0,741.125,764.3,0.1125,-9.0,-12.2
2020-12-25,-13.0625,68.375,3.75,,30.0,-17.8125,0.07709456182012883,0.0,742.4375,765.95,0.525,-9.0,-16.9
2020-12-26,-10.325,58.625,1.5,,24.875,-17.5125,0.13662404750809953,0.0,743.8,767.175,-0.3375,-5.8,-16.5
2020-12-27,-12.525,70.375,2.375,,20.375,-17.0375,0.07106364046669769,0.0,744.7,768.1125,0.8625,-8.7,-16.1
2020-12-28,-15.6,61.625,2.375,,24.375,-21.45,0.07238971410714151,0.0,750.4625,774.4125,0.4375,-12.7,-17.6
2020-12-29,-19.9875,68.25,2.75,,23.5,-24.6125,0.040709254173343465,0.0,750.9875,775.3125,-0.45,-18.1,-21.8
2020-12-30,-20.3375,60.625,3.875,,29.75,-26.025,0.0497266252687263,0.0,745.325,769.6999999999999,-0.6,-17.4,-24.3
2020-12-31,-18.55,63.25,3.5,,29.875,-23.9,0.054166606632610935,0.0,743.075,767.1,-0.012500000000000004,-15.4,-20.9
2021-01-01,-21.2125,64.625,1.75,,24.125,-26.425,0.04393366394148918,0.0,747.675,772.05,0.7375,-16.7,-23.5
2021-01-02,-18.9125,59.125,2.5,,29.25,-25.0125,0.059343768346329304,0.0,749.7375,774.1125,0.11250000000000002,-15.6,-23.2
2021-01-03,-17.7,61.125,3.375,,30.0,-23.4625,0.06120363853085535,0.0,750.5125,774.7625,0.05,-15.1,-19.9
2021-01-04,-17.9375,57.875,3.125,,29.875,-24.3375,0.06484497532503833,0.0,750.5125,774.725,0.012499999999999997,-15.2,-19.8
2021-01-05,-19.9,61.25,2.25,,29.875,-25.575,0.051495318812033786,0.0,750.7875,775.1875,-0.25,-16.7,-22.7
2021-01-06,-18.0875,66.125,3.375,,23.375,-23.150000000000002,0.05256534910403998,1.6,745.2,769.25,-0.3,-16.9,-21.3
2021-01-07,-24.05,59.25,3.25,,29.25,-29.9125,0.03595790699236771,1.2,746.6875,771.275,-0.0875,-22.7,-24.8
2021-01-08,-22.4625,57.375,3.0,,29.875,-28.6625,0.04543234922544468,0.0,743.8875,768.4625,-0.36250000000000004,-19.4,-26.4
2021-01-09,-18.6125,59.75,2.5,,29.0,-24.675,0.06154072835833968,0.0,743.4125,767.5625,0.17142857142857143,-15.1,-22.8
2021-01-10,-15.175,64.875,2.375,,26.75,-20.425,0.06992208843276371,0.0,746.3625,770.275,0.5125000000000001,-11.9,-18.3
2021-01-11,-11.0125,62.75,3.5,,26.75,-16.8375,0.10258887622279879,0.0,743.6625,767.1125,-0.975,-6.6,-14.1
2021-01-12,-9.1875,74.75,2.75,,22.5,-12.8875,0.07972491894765522,0.0,734.425,757.375,-0.8999999999999999,-6.3,-12.6
2021-01-13,-14.125,74.0,2.75,,23.375,-17.8625,0.05617695385133718,0.0,737.65,761.0125,1.15,-11.4,-17.9
2021-01-14,-14.05,62.0,2.25,,25.75,-20.1625,0.08072172973887914,0.5,744.8625000000001,768.5375,0.1625,-10.9,-18.3
2021-01-15,-16.15,82.75,3.125,,15.625,-18.475,0.03038024821981381,13.6,745.0125,768.775,0.65,-12.6,-20.7
2021-01-16,-19.5875,73.5,3.125,,20.375,-23.275,0.03759973253504495,0.0,748.575,772.9,-0.1875,-16.7,-24.2
2021-01-17,-15.0875,61.5,4.0,,30.0,-20.925,0.0762682302279128,0.0,742.525,766.375,-0.9125,-12.3,-18.0
2021-01-18,-20.4625,60.5,2.625,,29.625,-26.2625,0.04855836056421433,0.0,746.0375,770.175,1.375,-18.5,-21.9
2021-01-19,-17.45,49.5,2.375,,29.875,-25.7,0.083366690440174,0.0,749.8375,774.125,-0.375,-14.4,-21.8
2021-01-20,-4.3875,85.25,5.0,,20.5,-6.55,0.05687999810106094,11.9,743.35,766.4625,-0.45,-0.4,-12.5
2021-01-21,-2.55,98.5,1.75,,4.475,-2.7625,0.00853586944564838,0.5,744.25,766.85,1.2,-0.2,-6.7
2021-01-22,-9.2375,63.0,1.875,,17.625,-15.4625,0.12735446361885924,0.0,747.825,771.0375,,-3.9,-13.5
2021-01-23,-7.7625,70.125,1.875,,14.75,-12.525,0.11740058489385008,0.0,745.7375,768.975,,-1.7,-15.3
2021-01-24,-4.1,81.375,1.75,,6.55,-7.175,0.10812721291557711,0.0,747.7125,770.625,,2.7,-7.9
2021-01-25,-6.825,92.875,1.25,,2.3375,-7.8375,0.03180745425977792,1.0,746.45,769.525,-0.8571428571428571,-2.9,-12.3
2021-01-26,-9.175,76.625,3.375,,17.5,-12.7625,0.07612799112264769,6.0,743.2375,766.35,0.024999999999999994,-4.5,-12.5
2021-01-27,-11.675,53.375,3.0,,26.0,-19.7125,0.1214164495611211,0.2,745.2375,768.7,-0.19999999999999998,-8.0,-15.5
2021-01-28,-16.7625,67.5,2.625,,27.375,-21.6875,0.051213648661005265,1.8,743.1125,766.8125,0.275,-10.9,-21.5
2021-01-29,-18.975,53.375,2.875,,28.5,-26.3375,0.06802586568116196,0.0,744.075,768.2875,-0.6625,-14.2,-23.4
2021-01-30,-18.15,84.125,2.375,,13.4,-20.2125,0.02395185656202249,7.5,746.7,770.725,1.2375,-12.2,-22.7
2021-01-31,-11.675,80.75,2.75,,12.75,-14.424999999999999,0.0548680545905722,1.7999999999999998,743.225,766.95,-1.5999999999999999,-3.8,-19.8
2021-02-01,-16.8125,87.375,3.125,,11.1,-18.4625,0.020022761451172925,12.7,742.6,766.1875,1.2,-7.6,-20.7
2021-02-02,-20.2,60.25,3.625,,28.5,-26.1,0.05233976184118799,0.2,745.2,769.4875,-0.225,-17.1,-23.9
2021-02-03,-17.8,49.75,3.25,,29.875,-25.8625,0.07888212157215492,0.0,744.05,768.0875,-0.1375,-13.8,-21.2
2021-02-04,-14.3875,47.375,2.625,,29.125,-23.375,0.11750434988181108,0.0,742.95,766.7625,-0.5375000000000001,-9.2,-21.4
2021-02-05,-6.15,71.875,2.625,,16.125,-10.6,0.11888310050886933,0.0,735.2625,758.0125,-0.37500000000000006,-0.8,-11.1
2021-02-06,-10.1375,83.125,2.25,,8.75,-12.6,0.051694190457698595,2.0,740.725,763.825,1.1625,-6.4,-13.3
2021-02-07,-15.875,79.375,1.5,,16.75,-18.9875,0.04388274349287093,0.0,747.8875,771.6875,0.4375,-11.7,-19.0
2021-02-08,-15.9,77.875,1.625,,17.125,-19.0625,0.04501190943087499,0.0,749.075,773.05,-0.17500000000000002,-12.6,-20.7
2021-02-09,-7.625,67.75,3.125,,17.375,-12.725000000000001,0.11685593178640599,0.0,743.3,766.5875,-0.7125,-2.4,-14.4
2021-02-10,-6.0375,87.75,2.25,,8.1125,-7.8,0.05024578004541866,0.0,742.9875,765.8375,0.3375,-3.1,-7.2
2021-02-11,1.425,56.25,4.0,,13.125,-6.8125,0.3380922413844812,0.0,740.5625,763.0124999999999,-0.7125,6.3,-5.9
2021-02-12,0.925,75.375,3.25,,6.975,-3.1875,0.1783598323548336,0.0,744.1375,766.375,0.975,4.4,-4.4
2021-02-13,-2.45,91.25,2.25,,9.4625,-3.7,0.04612075289345766,0.0,745.45,768.0375,-0.05000000000000001,2.4,-6.5
2021-02-14,-9.675,73.125,3.375,,25.625,-13.8125,0.0743226122095954,0.0,745.2125,768.3375,-0.28750000000000003,-6.9,-12.1
2021-02-15,-13.375,56.875,2.125,,29.75,-20.3,0.09769054808599195,0.0,741.025,764.5,-0.45,-10.9,-15.4
2021-02-16,-15.2875,59.5,2.875,,29.5,-21.575,0.07850597171796997,0.0,740.9875000000001,764.625,0.175,-13.0,-18.0
2021-02-17,-14.6,65.625,3.625,,25.375,-19.7375,0.06640341920912056,0.2,742.925,766.65,0.275,-12.2,-17.7
2021-02-18,-10.075,47.5,3.0,,26.375,-19.725,0.16948973967122513,0.2,742.475,765.85,-0.85,-5.6,-16.8
2021-02-19,-1.0625,47.75,5.25,,16.75,-10.85,0.30950413563947365,0.0,730.2125,752.4875,-1.7,4.7,-6.4
2021-02-20,-5.0875,69.125,2.375,,20.25,-10.5125,0.13050219239416289,2.0,733.25,755.65,,-2.6,-7.4
2021-02-21,-5.2125,75.5,2.5,,20.5,-9.0,0.10945573861130681,0.0,734.6125,757.15,,-1.6,-9.4
2021-02-22,-9.175,57.75,3.625,,29.75,-16.2375,0.13051057891093193,0.0,744.9,768.0625,0.7749999999999999,-7.3,-12.4
2021-02-23,-12.6,50.125,2.625,,30.0,-21.0125,0.12086765643782486,0.0,749.7875,773.45,0.1625,-9.3,-15.8
2021-02-24,-5.2625,39.5,3.0,,19.875,-17.175,0.27180952871409825,0.0,746.6625,769.8375,-0.525,-0.1,-11.5
2021-02-25,-7.5125,54.25,2.25,,25.875,-15.525,0.1674859634300967,0.0,749.0,772.1125,0.525,-5.2,-10.8
2021-02-26,-3.8499999999999996,48.25,2.125,,16.5,-13.675,0.2570452521035295,0.0,748.7125,771.7,-0.08750000000000001,0.3,-8.6
2021-02-27,4.814285714285714,34.285714285714285,5.0,,10.428571428571429,-10.057142857142859,0.607580713078152,0.0,743.842857142857,766.0714285714286,-0.6833333333333335,9.1,-3.1
2021-02-28,-3.175,75.125,3.0,,16.275,-7.3875,0.14747967413788915,12.6,748.3,770.8375,1.275,4.6,-9.5
2021-03-01,-10.2375,47.875,2.875,,30.0,-19.425,0.1496132714950127,0.5,751.5749999999999,775.0375,-0.5428571428571428,-8.2,-13.7
2021-03-02,-7.8,44.0,1.75,,25.0,-18.7,0.220916552510236,0.0,747.675,771.0375,-0.55,-2.7,-15.6
2021-03-03,1.025,63.125,4.25,,11.375,-5.4875,0.23056879711747508,0.0,739.9625,762.35,-0.6875,4.3,-4.5
2021-03-04,5.699999999999999,61.375,5.375,,10.375,-1.3125,0.3672240169056554,0.0,737.5625,759.3625000000001,-0.10000000000000002,9.2,2.9
2021-03-05,-8.2125,62.875,4.0,,25.25,-14.337499999999999,0.1132807765034306,8.6,750.85,773.8,2.3,3.2,-12.3
2021-03-06,-10.5125,51.75,1.75,,26.5,-19.15,0.14579989960251818,0.0,755.9125,779.6875,-0.55,-7.0,-16.4
2021-03-07,-4.175,41.625,3.125,,18.875,-15.525,0.28690549856599984,0.0,749.3125,772.425,-0.475,1.3,-11.0
2021-03-08,2.3375000000000004,36.25,3.25,,9.875,-11.5,0.48079293919989224,0.0,745.8375,768.2125,-0.75,6.7,-2.9
2021-03-09,1.575,49.25,4.625,,10.75,-8.725,0.37249539566629436,0.0,745.2,767.425,0.9,5.6,-4.1
2021-03-10,3.75,50.625,2.75,,11.875,-6.9625,0.4444338045099422,0.0,746.125,768.45,-0.7875,9.7,-5.0
2021-03-11,4.2,74.75,1.875,,5.475,-0.525,0.24109306755461865,0.0,746.6875,768.7875,0.55,9.1,0.0
2021-03-12,3.225,72.875,1.875,,7.0625,-1.525,0.24756138308070913,0.0,747.6875,769.925,-0.2,8.9,-1.9
2021-03-13,3.8125,61.375,1.5,,9.875,-4.175,0.3754526970609604,0.0,744.15,766.2875,-0.4875,9.1,-2.1
2021-03-14,7.3875,53.875,2.75,,7.25,-1.55,0.5065875076570154,0.0,740.05,761.8625,-0.8500000000000001,12.0,2.1
2021-03-15,3.5375,53.375,5.125,,8.375,-5.7125,0.36702463770437443,1.6,734.525,756.2,0.16249999999999998,8.3,-1.0
2021-03-16,-1.4500000000000002,40.125,3.625,,16.5,-14.1125,0.34809144505144024,0.0,742.1375,764.5625,1.1,2.0,-5.2
2021-03-17,0.5375,38.75,1.5,,17.75,-13.2125,0.4397064498693674,0.0,746.2125,768.7,0.2875,6.5,-5.5
2021-03-18,1.1375,51.375,1.5,,14.125,-8.85,0.3836065823843549,0.0,746.8125,769.275,-0.18571428571428572,7.1,-6.1
2021-03-19,2.8625,52.5,2.125,,14.375,-6.6,0.40427280016335837,0.0,744.6625,766.9,-0.525,8.0,-4.9
2021-03-20,1.4,84.375,2.375,,7.1125,-1.3499999999999999,0.1114142528976786,13.7,737.45,759.475,-0.8875,2.5,-0.1
2021-03-21,-0.3625,82.625,3.75,,10.05,-3.2875,0.11158740704333397,17.4,737.475,759.7375,0.5125,1.7,-1.7
2021-03-22,2.8125,54.25,3.25,,15.75,-6.2625,0.39464921779835943,0.0,737.6625,759.8,-0.7124999999999999,7.4,-3.9
2021-03-23,7.8125,46.625,3.75,,9.75,-3.1625,0.5931790321306021,0.0,734.4875,756.0625,0.26249999999999996,12.3,3.3
2021-03-24,7.075,48.125,2.625,,11.25,-4.0125,0.5797256667306382,0.0,739.9,761.5875,0.6,12.6,2.5
2021-03-25,9.1,41.25,3.5,,11.75,-4.2125,0.7185166689734221,0.0,739.975,761.5875,0.5857142857142856,14.5,5.9
2021-03-26,9.6125,56.375,3.25,,10.0,0.4125000000000001,0.607113990654926,0.30000000000000004,739.875,761.45,-0.8875,15.9,1.2
2021-03-27,10.9625,64.375,3.75,,8.25,4.3375,0.4923360077144177,0.1,734.175,755.425,-0.675,15.2,7.6
2021-03-28,7.1,77.75,3.375,,8.075,3.4,0.22437396598885195,0.0,727.275,748.5375,-0.47500000000000003,9.1,4.2
2021-03-29,5.875,53.0,4.625,,11.375,-3.45,0.45965652608049606,0.0,729.5875,751.1125,0.7375,9.6,2.4
2021-03-30,6.925,53.375,1.875,,11.5,-3.35,0.5499052159703692,0.0,736.7375,758.425,0.6,11.9,0.1
2021-03-31,10.75,37.0,3.375,,11.375,-4.1625000000000005,0.8817692164246949,0.0,740.425,761.9625,0.6875,16.8,5.2
2021-04-01,12.0125,40.125,2.375,,12.0,-2.1,0.9325325142559142,0.0,744.125,765.625,-0.17500000000000004,17.7,3.8
2021-04-02,13.9,40.0,3.875,,10.375,0.17500000000000004,0.9776575590532564,0.0,742.0,763.2375,0.21250000000000002,16.4,9.9
2021-04-03,5.9,30.375,3.375,,13.25,-10.925,0.6617693271710209,0.0,746.7,768.5625,0.375,8.6,0.7
2021-04-04,5.8625,30.75,1.75,,13.0,-11.7875,0.7350274312535872,0.0,745.0875,767.1625,-0.3875,11.5,-4.2
2021-04-05,12.5125,25.75,4.25,,12.0,-7.449999999999999,1.1669272745548849,0.0,740.8,762.225,-0.42500000000000004,19.1,5.7
2021-04-06,7.625,35.875,3.375,,12.0,-8.9125,0.7571318489522332,0.0,742.8375,764.4875,0.4625,13.4,0.8
2021-04-07,3.4625000000000004,24.625,3.5,,12.125,-15.9375,0.6149268116828297,0.0,746.45,768.5875,-0.07500000000000001,6.9,-1.7
2021-04-08,3.15,28.125,2.75,,9.3125,-14.762500000000001,0.5851647551341426,0.0,745.9125,768.1,0.45,7.8,-1.4
2021-04-09,5.8875,27.25,1.625,,8.875,-13.15,0.7657133808558801,0.0,748.5,770.75,0.15,12.3,-3.5
2021-04-10,12.9,25.375,3.5,,9.0,-6.7625,1.153304964804693,0.0,746.1125,767.7125,-0.45,18.5,6.3
2021-04-11,14.5875,37.5,5.25,,9.375,0.12499999999999997,1.0617140337509916,0.0,744.2,765.5,-0.15,18.8,10.8
2021-04-12,8.9375,56.0,5.0,,10.575,-1.1625,0.6604294278332343,18.0,739.9125,761.3125,-0.26250000000000007,16.2,-1.7
2021-04-13,0.4125,50.0,3.625,,16.625,-10.175,0.3532396732318281,12.3,740.6875,762.9375,-0.4125,3.7,-4.7
2021-04-14,4.9125,31.625,3.375,,13.625,-11.825,0.6301126658027727,0.0,737.7125,759.6625,-0.07499999999999998,9.3,0.6
2021-04-15,12.5,26.125,3.875,,11.5,-6.55,1.1245388010872404,0.0,734.125,755.4625,-0.575,18.8,5.4
2021-04-16,6.1375,53.25,6.25,,10.75,-3.3875,0.4598718573229992,3.7,731.15,752.5625,0.0875,9.0,4.0
2021-04-17,3.55,72.75,1.875,,9.0,-1.1500000000000001,0.21884946951929637,0.8,737.8875,759.8,0.9375,6.1,0.2
2021-04-18,8.175,55.25,2.625,,10.125,-2.1375,0.6340984017775796,0.30000000000000004,738.225,760.0125,-0.875,15.0,-1.5
2021-04-19,13.575,31.25,3.125,,10.0,-3.5,1.1315536319957713,0.0,735.6625,756.8375,0.975,20.8,8.7
2021-04-20,11.225,25.875,1.75,,11.125,-9.3375,1.0789400003785283,0.0,743.8125,765.3375,0.12499999999999997,16.3,1.4
2021-04-21,18.6875,26.0,4.125,,10.125,-1.6875,1.6942175438258824,0.0,741.4875,762.5625,-0.07500000000000001,25.5,11.6
2021-04-22,17.1,34.0,3.5,,12.125,0.575,1.3157090037507755,0.5,742.7125,763.7,0.15000000000000002,22.3,13.8
2021-04-23,11.6125,76.375,1.125,,8.25,7.4,0.32433714208526165,4.7,747.0375,768.525,0.575,12.8,10.5
2021-04-24,7.3125,58.5,3.0,,10.025,-1.825,0.4418034629020752,0.0,749.225,771.15,0.2125,11.4,1.2
2021-04-25,9.9375,30.875,1.875,,12.0,-8.925,1.0179635275205787,0.0,747.325,769.2375,-0.6,17.1,-1.5
2021-04-26,15.6125,22.125,3.75,,11.625,-7.4,1.4809691376370124,0.0,739.7125,760.8874999999999,-1.0125,21.2,8.3
2021-04-27,12.15,63.5,3.875,,8.75,5.0625,0.5446595787087503,2.9,734.9,755.9625,-0.3125,15.8,9.9
2021-04-28,10.1125,33.0,4.5,,12.375,-7.225,0.8618421827063779,1.2,734.4875,755.825,0.0,12.8,6.9
2021-04-29,10.5625,49.875,3.0,,11.125,-1.6875,0.7188132733595656,5.2,730.6374999999999,751.8,-0.3875,15.7,6.4
2021-04-30,6.8625,71.5,2.0,,11.5,1.625,0.31613016076774325,7.5,733.1,754.625,0.425,10.6,4.0
2021-05-01,9.175,55.875,2.25,,11.5,-0.2375,0.5974179079430383,0.0,736.075,757.6125,0.5625,14.0,2.0
2021-05-02,11.5375,54.0,1.875,,10.5,1.225,0.7646319014856331,0.0,739.7375,761.225,-0.11249999999999998,17.3,2.2
2021-05-03,15.75,33.875,4.125,,11.75,-0.4875,1.2328807624690756,0.0,734.4125,755.375,-0.575,20.2,10.8
2021-05-04,12.475,53.125,4.25,,12.25,2.7,0.7094849965258766,0.4,732.6125,753.625,-0.2875,15.6,9.6
2021-05-05,12.7125,39.0,4.75,,12.25,-1.4625,0.9311494576100999,0.0,729.675,750.725,0.012500000000000011,16.9,9.2
2021-05-06,18.1875,31.375,4.125,,11.0,-0.29999999999999993,1.587034915035958,0.0,729.05,749.7625,-0.2625,25.5,10.5
2021-05-07,10.725,70.5,3.5,,10.625,5.45,0.39144744563477446,12.1,725.8625,746.725,-0.4375,12.6,9.0
2021-05-08,7.3125,81.0,5.625,,11.225,4.1499999999999995,0.204239075321534,24.1,724.0125,745.1875,0.39999999999999997,9.4,5.8
2021-05-09,10.25,59.375,3.125,,13.5,1.5374999999999999,0.6106317661815293,0.8,733.75,755.2125,0.95,16.1,4.5
2021-05-10,12.75,49.625,2.375,,12.375,1.15,0.8825422717021928,0.4,737.9125,759.225,0.35,18.4,3.7
2021-05-11,16.849999999999998,44.25,3.0,,11.5,2.2375,1.2842884890209492,0.2,737.4375,758.475,-0.7,22.4,7.4
2021-05-12,17.75,37.0,5.0,,12.625,0.8250000000000002,1.3638123743630413,1.2,734.25,755.0125,0.2,22.1,13.8
2021-05-13,18.75,52.625,3.0,,9.875,7.6625,1.1444471526865199,0.0,736.675,757.475,0.18750000000000006,23.6,13.2
2021-05-14,20.3125,58.0,3.125,,10.375,11.6375,1.0562600413712822,0.0,734.5125,755.15,-0.525,24.7,14.6
2021-05-15,13.025,67.25,2.625,,11.575,6.65,0.5091472839647434,2.8,736.3125,757.3,0.625,19.1,7.4
2021-05-16,14.9625,42.5,1.125,,11.875,-0.03749999999999991,1.1882256011849663,0.0,734.9875,756.0625,-0.55,22.9,7.6
2021-05-17,20.3,31.285714285714285,2.7142857142857144,,12.571428571428571,0.4714285714285714,1.858207642517573,0.0,732.9142857142857,753.5428571428572,0.19999999999999998,27.1,12.4
2021-05-18,24.7625,21.25,4.0,,12.875,0.6,2.5884344567662585,0.0,730.9875,751.225,-0.3,31.1,17.8
2021-05-19,24.3875,31.75,4.875,,12.125,6.1125,2.184714301522302,0.0,731.55,751.775,0.25,30.0,18.9
2021-05-20,23.3625,41.75,4.125,,11.5,9.4,1.732248444772941,0.0,732.0875,752.35,-0.012500000000000011,27.4,19.5
2021-05-21,22.7375,44.0,3.375,,10.625,8.737499999999999,1.734292033631022,0.0,732.2375,752.6375,0.012499999999999983,29.0,15.5
2021-05-22,24.8375,46.25,3.875,,9.125,11.375,1.87672427718034,0.0,731.875,752.1125,-0.12500000000000003,31.3,18.0
2021-05-23,16.025,69.0,3.875,,9.375,9.5875,0.68375516504368,24.0,732.5,753.0625,0.1625,21.8,11.2
2021-05-24,12.25,54.375,4.25,,10.625,2.3875,0.6906861399267041,4.4,730.8125,751.9375,-0.375,15.6,8.4
2021-05-25,14.5,34.375,2.875,,13.0,-3.5999999999999996,1.2441031465211578,0.0,729.1875,750.175,-0.012500000000000008,19.6,6.0
2021-05-26,15.625,40.625,3.375,,12.875,0.8374999999999999,1.115058081291234,0.0,729.525,750.3,0.075,19.8,11.1
2021-05-27,16.6125,45.125,2.125,,12.25,3.0,1.183374818227915,0.0,728.3625,749.15,-0.275,21.8,9.5
2021-05-28,15.5375,57.375,2.125,,12.5,6.8875,0.7760285266274893,0.0,728.825,749.5625,0.19999999999999996,18.9,12.9
2021-05-29,15.6875,54.625,2.0,,11.5,4.6,1.0174396970995692,0.0,731.7375,752.625,0.4625,22.7,8.0
2021-05-30,17.4125,52.375,2.5,,12.0,7.2,0.9892196695190842,1.2000000000000002,734.2,755.0,0.21428571428571427,21.6,13.5
2021-05-31,21.0,43.25,2.625,,12.75,7.0125,1.555439791261148,0.4,735.0375,755.6875,-0.25,25.9,13.6
2021-06-01,17.3,64.0,3.0,,11.05,9.125,0.8194602764953738,23.6,735.1125,755.8375,0.4625,23.1,11.3
2021-06-02,14.225,92.25,3.0,,5.875,12.9,0.1197896537581058,256.0,733.8625,754.8125,-0.6875,16.0,13.2
2021-06-03,13.55,78.5,3.5,,10.625,9.6625,0.3492074266985041,95.2,728.5625,749.45,-0.6875,15.7,12.3
2021-06-04,14.1375,83.0,2.75,,10.5,11.1,0.3073549989929088,2.6,723.2,743.95,-0.575,18.5,10.3
2021-06-05,14.8375,81.875,2.75,,11.625,11.5375,0.3369896564258449,34.7,724.3875,745.125,0.8625,17.9,12.4
2021-06-06,16.55,76.875,2.0,,12.75,12.025,0.5034947982736238,0.0,732.6625,753.525,0.9875,21.5,12.8
2021-06-07,18.7375,66.0,1.125,,11.125,11.225,0.9101362930991008,32.0,738.125,758.9875,0.36250000000000004,24.5,11.7
2021-06-08,22.125,52.0,2.375,,13.75,11.075,1.4203881547590684,0.0,739.3375,760.025,-0.03333333333333333,27.2,13.8
2021-06-09,23.025,63.125,2.75,,10.875,15.6,1.0488578274724443,0.0,737.85,758.35,-0.04999999999999999,25.1,20.2
2021-06-10,20.275,86.125,2.25,,8.7875,17.8,0.34130759461699367,31.0,735.8375,756.3875,-0.31428571428571433,21.6,18.9
2021-06-11,22.0875,76.25,2.5,,9.125,17.3875,0.7058058294204395,0.0,734.45,754.9875,0.125,25.9,18.1
2021-06-12,25.6125,61.0,3.875,,9.0625,16.7875,1.4282959655081917,0.0,735.425,755.7375,-0.042857142857142864,30.1,20.4
2021-06-13,22.837500000000002,70.375,3.0,,9.25,17.075,0.8399095322290888,2.8,733.7375,754.0875,-0.3125,25.5,20.6
2021-06-14,22.349999999999998,68.625,3.125,,11.0,16.2625,0.855476530794873,0.0,731.6,751.9875,-0.325,23.9,19.9
2021-06-15,20.9125,75.125,2.875,,10.125,16.3125,0.6180799700958157,0.0,731.7375,752.175,0.3625,22.8,18.4
2021-06-16,23.5375,67.625,3.0,,9.5,16.875,1.0084733558983123,0.0,732.425,752.7875,-0.325,26.7,19.3
2021-06-17,19.7375,74.75,3.625,,11.2875,14.5125,0.6609594998236542,71.4,729.175,749.575,-0.3625,23.2,13.8
2021-06-18,18.025,66.875,4.125,,14.5,11.262500000000001,0.7711030262095955,11.9,725.575,746.0875,-0.21250000000000002,24.1,13.2
2021-06-19,19.675,61.75,3.125,,14.875,11.6875,0.9479676356547742,3.4,725.8375,746.2625,0.18750000000000003,23.9,16.5
2021-06-20,17.6625,82.25,1.875,,12.0,14.475,0.3852829320325744,17.7,729.2375,749.8625,0.4875,22.4,15.3
2021-06-21,17.5125,88.25,1.875,,9.4625,15.4125,0.2722582592156446,4.1,733.3375,754.1,0.47500000000000003,22.3,14.0
2021-06-22,19.6625,68.625,2.375,,12.5,12.95,0.8423635954625135,0.0,736.525,757.25,0.3125,24.2,15.1
2021-06-23,20.675,64.0,1.625,,12.25,12.325,1.1014039486704554,0.0,737.475,758.175,-0.012499999999999997,26.7,13.4
2021-06-24,22.3125,60.375,1.75,,12.125,13.225,1.2608118017780399,0.0,736.35,756.875,-0.1625,27.6,15.9
2021-06-25,23.65,58.0,2.375,,11.375,14.225,1.3655213042460246,0.0,734.9375,755.35,-0.16249999999999998,28.2,16.7
2021-06-26,20.2375,83.5,2.25,,10.1625,17.2375,0.4057776487424236,3.0,734.975,755.5125,0.11250000000000002,22.9,17.2
2021-06-27,20.7125,87.375,2.125,,9.75,18.45,0.33577984746854467,6.3,735.3125,755.95,-0.07500000000000001,23.8,18.3
2021-06-28,22.6,76.0,1.5,,6.825,17.7375,0.746535300388989,5.5,733.8375,754.3375,-0.2,26.9,17.6
2021-06-29,22.9875,78.625,1.5,,7.625,18.5875,0.7137537461679515,0.5,732.5375,752.9,-0.1625,27.6,18.8
2021-06-30,22.625,84.0,1.125,,5.95,19.6875,0.46360858606924604,18.0,732.3875,752.75,-0.012500000000000011,26.4,20.1
2021-07-01,24.1375,77.875,2.875,,6.725,19.7125,0.7476961935971008,27.0,732.4125,752.725,0.2625,28.1,19.7
2021-07-02,25.35,74.0,2.5,,6.875,20.175,0.8949543354031327,0.0,734.85,755.1,0.26249999999999996,28.5,22.2
2021-07-03,24.925,72.5,1.875,,6.875,19.275,0.9586511883843609,1.0,735.1125,755.3875,-0.25,28.1,20.0
2021-07-04,19.9625,93.0,1.625,,6.0,18.7375,0.17554464802190278,25.3,732.9125,753.4,-0.1625,22.4,18.9
2021-07-05,21.9,84.125,2.25,,7.375,18.8375,0.48265610347729876,0.7,734.1375,754.6875,0.22500000000000003,25.8,18.9
2021-07-06,22.225,89.125,1.875,,6.225,20.225,0.328215084648863,6.2,733.975,754.4125,-0.0875,26.6,19.0
2021-07-07,21.325,97.375,1.625,,4.6125,20.8625,0.07459885836994246,183.0,733.3625000000001,753.85,-0.125,23.8,20.2
2021-07-08,21.9125,92.875,1.875,,5.9875,20.6375,0.2050558088625138,43.0,732.575,753.025,-0.08750000000000001,24.8,19.9
2021-07-09,21.9,92.875,1.625,,6.875,20.6625,0.19875240997804755,16.0,732.125,752.55,-0.025000000000000005,24.7,19.9
2021-07-10,23.425,85.625,2.0,,6.875,20.725,0.46148118793274295,2.9,732.9,753.3,0.175,27.0,20.1
2021-07-11,25.325,85.125,1.75,,5.325,22.4375,0.5504681792740201,0.0,734.3875,754.675,0.028571428571428584,29.2,21.6
2021-07-12,27.275,82.375,2.25,,8.175,23.8625,0.690910159583144,0.0,734.95,755.1125,1.586032892321652e-17,30.5,23.8
2021-07-13,28.7,74.25,3.375,,10.25,23.5,1.071963234437635,0.0,733.9125,753.95,-0.1857142857142857,32.4,25.0
2021-07-14,28.0375,74.0,3.5,,11.875,22.9,1.0042806355965055,0.0,735.1125,755.1375,0.3375,30.1,26.1
2021-07-15,27.875,79.5,3.0,,12.5,23.925,0.8022193518497561,0.0,738.0875,758.3,0.30000000000000004,30.5,25.6
2021-07-16,27.0875,78.625,2.25,,12.75,22.8625,0.8171152716012735,0.0,739.8375,760.1,0.17142857142857146,30.4,24.7
2021-07-17,27.9875,76.125,1.75,,12.375,23.05,0.9990907783256765,0.0,738.65,758.8375,-0.22499999999999998,31.6,24.5
2021-07-18,27.8,79.875,2.25,,11.625,23.7875,0.8187418223958931,0.0,737.2375000000001,757.4,-0.03750000000000001,31.4,24.6
2021-07-19,27.55,75.625,2.25,,11.75,22.625,0.9637174363934569,0.0,738.15,758.35,0.15,30.9,24.5
2021-07-20,27.225,76.75,1.875,,13.25,22.5375,0.9100026949259481,0.0,739.6125,759.8625,0.14999999999999997,30.9,24.7
2021-07-21,26.725,78.875,1.875,,12.875,22.599999999999998,0.7894367806864557,0.0,739.875,760.1875,-0.03749999999999998,29.7,23.1
2021-07-22,28.0,78.25,1.875,,12.25,23.6,0.9109694833463824,0.0,738.0375,758.25,-0.33749999999999997,31.8,23.7
2021-07-23,28.2125,71.125,2.75,,11.875,22.2625,1.1552471028233935,0.0,736.1125,756.225,-0.11249999999999999,31.2,25.3
2021-07-24,28.275,65.125,3.5,,12.375,20.75,1.422708041484099,0.0,735.0625,755.1375,-0.175,32.2,24.5
2021-07-25,27.9375,67.625,3.0,,12.375,21.2,1.2534465860656046,0.0,733.4625,753.475,-0.22499999999999998,30.1,25.6
2021-07-26,28.0625,63.625,3.25,,12.5,20.3625,1.4248868056793929,0.0,731.9,751.9,-0.07499999999999998,31.3,25.0
2021-07-27,28.375,69.5,2.875,,13.125,21.925,1.2661561968882786,0.0,732.3,752.2875,0.0625,32.4,24.6
2021-07-28,28.2375,78.25,1.625,,12.375,23.8875,0.9033122199170653,0.0,732.6625,752.675,-0.0375,31.9,24.7
2021-07-29,27.5625,81.125,1.375,,11.875,23.925,0.7366672834184351,0.0,731.325,751.3125,-0.2625,30.9,24.2
2021-07-30,24.6125,95.0,1.5,,7.3875,23.7125,0.16623127702514467,56.2,729.3625,749.45,-0.2375,26.6,22.8
2021-07-31,25.55,89.375,2.875,,10.1875,23.525,0.39330352480705083,200.0,727.025,747.075,-0.1625,29.2,23.2
2021-08-01,24.825,90.5,2.5,,11.625,23.075,0.33717932943428847,10.1,729.7,749.8375,0.5875,28.5,22.1
2021-08-02,19.475,100.0,2.875,,4.0,19.475,0.0,116.0,732.15,752.6,-0.037500000000000006,20.7,18.0
2021-08-03,21.15,91.625,2.5,,10.7875,19.675,0.23368173438023787,37.4,733.8375,754.4375,0.3125,24.4,17.8
2021-08-04,23.349999999999998,90.0,2.75,,9.25,21.5625,0.3071450005335263,0.0,732.975,753.3375,-0.275,25.1,20.4
2021-08-05,24.2125,87.875,3.625,,9.125,22.0375,0.38010892500663784,0.0,730.875,751.15,-0.062499999999999986,26.4,22.4
2021-08-06,22.8125,91.25,2.25,,8.0,21.1875,0.28580259556834503,0.0,731.65,751.975,0.125,26.7,20.2
2021-08-07,23.4375,82.5,1.625,,10.0,19.849999999999998,0.6175489964030434,0.0,733.6375,754.025,0.3125,28.3,19.5
2021-08-08,24.342857142857145,78.0,1.1428571428571428,,8.257142857142856,19.557142857142857,0.8434110623314408,0.0,734.8714285714286,755.2285714285714,0.18333333333333335,30.2,18.7
2021-08-09,24.9875,76.25,2.25,,9.75,20.0125,0.8830888450544739,0.0,733.475,753.7125,-0.2625,29.8,19.7
2021-08-10,21.5375,93.375,1.625,,8.925,20.3,0.2022614633059977,21.0,734.325,754.775,0.30000000000000004,25.8,19.6
2021-08-11,20.3125,96.875,1.125,,6.8125,19.7625,0.08754121661386677,133.0,736.3875,757.0375,0.21428571428571427,23.6,19.0
2021-08-12,18.8375,100.0,2.375,,3.775,18.8375,0.0,207.0,736.975,757.725,0.07500000000000001,20.0,18.3
2021-08-13,19.4125,94.875,1.75,,8.525,18.5375,0.12882071130571948,23.1,736.825,757.55,6.938893903907228e-18,22.5,17.8
2021-08-14,19.4625,91.5,0.875,,7.65,17.925,0.2310241245041142,0.0,737.525,758.2875,0.15,23.4,15.8
2021-08-15,21.025,88.375,1.0,,7.4375,18.775,0.36468294470293644,0.0,739.85,760.5875,0.3,25.6,16.0
2021-08-16,20.25,97.875,1.0,,4.45,19.8625,0.06401842906786459,101.0,740.45,761.1375,-0.07500000000000001,24.0,18.9
2021-08-17,20.1875,96.0,1.5,,7.075,19.5,0.10264972403394251,26.0,739.325,760.075,-0.1625,22.2,18.9
2021-08-18,21.3875,91.75,1.25,,7.3125,19.825,0.26171620642372717,0.1,738.4875,759.1625,-0.1,25.7,18.4
2021-08-19,23.8875,81.25,2.0,,9.25,20.1375,0.6458089296456251,0.0,737.3,757.7625,-0.17500000000000002,27.9,20.7
2021-08-20,22.225,82.875,2.5,,8.75,19.0375,0.4839463534278381,2.6,736.1875,756.65,-0.1375,25.0,20.2
2021-08-21,19.875,98.875,1.375,,4.4125,19.6875,0.02829723019983732,189.0,732.4875,752.9875,-0.5142857142857143,21.5,18.7
2021-08-22,22.2625,80.125,2.5,,8.1875,18.25,0.6293539001698876,39.2,731.375,751.8375,-0.03749999999999999,26.7,16.9
2021-08-23,23.8875,88.0,3.125,,6.175,21.6375,0.4054743624387922,31.0,731.925,752.1875,0.2875,28.0,20.1
2021-08-24,22.4875,90.125,2.375,,6.1375,20.6125,0.33864003962914857,69.2,729.3,749.5875,-0.5875,27.5,17.8
2021-08-25,21.6,86.25,2.25,,9.25,19.1,0.3837221203071777,24.0,731.1625,751.55,0.4875,25.3,18.8
2021-08-26,21.225,78.75,3.25,,10.125,17.15,0.5865336793689153,0.0,733.6,754.125,0.23750000000000002,25.7,18.3
2021-08-27,20.75,74.375,4.375,,11.5,15.7,0.6697876405432364,0.0,733.65,754.175,0.012499999999999997,23.4,18.7
2021-08-28,19.9875,71.125,3.75,,12.125,14.375,0.717077412340547,0.0,735.475,756.1125,0.275,23.3,16.2
2021-08-29,18.8625,82.75,1.875,,11.375,15.6625,0.4005342145984483,46.0,737.225,757.9625,0.1625,21.6,17.0
2021-08-30,18.425,74.25,2.25,,10.625,13.3125,0.6180575824704756,2.0,740.4125,761.3125,0.55,22.8,15.4
2021-08-31,19.8125,74.75,1.5,,9.125,14.6,0.7069189868789792,0.0,741.825,762.6875,-0.1875,25.6,14.3
2021-09-01,21.85,78.375,1.5,,9.75,17.4,0.6964757572938517,0.0,739.2625,759.9375,-0.3,27.3,15.4
2021-09-02,21.5625,71.5,1.625,,10.125,15.275,0.9012188100258538,0.0,736.925,757.475,-0.2875,27.3,15.0
2021-09-03,21.0875,73.75,1.375,,9.075,15.15,0.8517489862632381,0.0,737.1375,757.75,0.375,26.6,15.0
2021-09-04,21.8,70.375,1.0,,8.1375,15.375,0.9373207173226428,0.0,741.05,761.7875,0.4,27.8,15.1
2021-09-05,21.7375,71.625,1.5,,10.5,15.9125,0.8549676371674748,0.0,743.7875,764.5125,0.3,27.3,17.0
2021-09-06,20.3875,85.5,1.625,,8.5,17.6875,0.391900044112222,7.0,742.8375,763.6125,-0.375,23.9,17.4
2021-09-07,16.85,96.875,1.125,,7.6,16.325,0.06710716043554774,36.0,738.2625,759.15,-0.575,19.4,15.3
2021-09-08,17.8875,79.25,2.0,,7.0125,13.4875,0.5473968649846506,21.4,735.6,756.4875000000001,-0.175,23.3,11.0
2021-09-09,15.8875,97.625,3.0,,6.55,15.4875,0.04804589562365344,215.0,736.8875,757.8,0.16249999999999998,17.8,14.1
2021-09-10,16.475,89.75,2.25,,7.8375,14.625,0.2365298078959189,41.0,737.35,758.3249999999999,0.03749999999999999,20.9,12.1
2021-09-11,15.4375,77.625,2.125,,9.125,10.9875,0.45683743469553206,6.0,736.7375,757.6875,0.3375,19.9,8.4
2021-09-12,14.1875,71.375,1.125,,9.5,8.3125,0.5823055241009325,0.0,741.6375,762.9375,0.17500000000000002,20.5,6.7
2021-09-13,15.700000000000001,88.0,1.625,,8.4125,13.6,0.2457002617982659,4.1,742.4125,763.5625,0.4,20.1,11.3
2021-09-14,16.5,76.75,1.375,,7.4625,11.6125,0.5716265764712335,0.0,745.5,766.7625,0.1625,22.4,9.3
2021-09-15,18.2,66.125,1.75,,9.125,10.925,0.8337236035129285,0.0,742.8,763.8125,-0.8,22.9,11.6
2021-09-16,15.525,96.0,1.5,,6.1,14.850000000000001,0.08115730681843727,27.0,739.7875,760.7625,0.05000000000000001,18.3,11.9
2021-09-17,15.9,77.5,1.125,,5.3,10.75,0.5964983194721482,0.0,740.5375,761.6625,,23.5,8.5
2021-09-18,19.583333333333332,69.16666666666667,1.8333333333333333,,12.6,12.983333333333334,0.8391687544873948,0.0,741.1833333333334,762.1166666666667,,25.7,14.2
2021-09-19,20.157142857142862,67.85714285714286,2.0,,22.285714285714285,13.457142857142857,0.8660927306607539,0.0,741.0714285714286,761.9142857142857,,25.6,15.8
2021-09-20,15.4,94.42857142857143,2.142857142857143,,9.9,14.485714285714284,0.09823009323234468,27.0,738.1142857142858,759.157142857143,,17.3,13.5
2021-09-21,16.175,97.625,2.875,,12.6,15.775,0.05009580930973717,67.2,727.5875,748.3,,19.4,14.6
2021-09-22,13.4,100.0,1.875,,3.4625,13.4,0.0,7.2,731.7375000000001,752.6875,,13.9,12.8
2021-09-23,14.137500000000001,85.25,1.875,,16.475,11.2375,0.3043505962007167,4.4,743.1,764.4375,,19.3,8.3
2021-09-24,13.625,78.625,1.0,,17.3875,8.925,0.45988558157684284,0.0,746.85,768.3,,20.5,6.5
2021-09-25,15.512500000000001,98.875,1.375,,6.7125,15.325000000000001,0.02018768278385427,38.0,746.5375,767.8375,,15.8,14.8
2021-09-26,18.5875,94.375,1.5,,7.425,17.6125,0.1375185241060607,2.4,744.075,765.15,,22.4,15.9
2021-09-27,18.5,91.5,2.5,,9.625,17.025,0.19681404294784832,6.0,740.175,761.0125,,21.2,16.0
2021-09-28,18.2375,86.25,2.875,,6.8125,15.75,0.3244596232407919,0.0,737.3125,758.15,,22.0,15.6
2021-09-29,13.8875,76.0,2.375,,9.1625,9.1125,0.4067504187715191,0.8,736.4875,757.5,,17.1,6.3
2021-09-30,9.6625,70.75,1.25,,7.8125,3.4375,0.464786836273134,0.0,737.1875,758.6,,16.5,4.1
2021-10-01,8.075,74.875,1.375,,8.5125,2.75,0.3811561541203493,0.0,738.3375,759.9375,,14.9,2.6
2021-10-02,10.757142857142856,57.57142857142857,2.0,,19.571428571428573,1.0571428571428572,0.7273022419446332,0.0,738.157142857143,759.6714285714286,,18.3,1.2
2021-10-03,17.1875,53.625,3.5,,19.75,6.9375,0.9882406085664248,0.0,736.5875,757.4625,,24.2,10.7
2021-10-04,9.225,76.75,1.5,,15.4125,4.8625,0.313101105294303,0.0,747.3125,768.9875,,13.4,5.4
2021-10-05,10.3375,63.875,0.75,,11.7,2.9125,0.5192571997477505,0.0,749.3625000000001,771.1,,16.4,6.2
2021-10-06,10.125,55.75,1.875,,11.75,0.7,0.6111163912383815,0.0,747.375,769.1,,13.9,3.5
2021-10-07,9.262500000000001,62.125,1.25,,15.875,1.1125,0.5383374307214872,0.0,743.775,765.45,,16.1,4.0
2021-10-08,12.487499999999999,53.25,1.5,,17.625,1.75,0.8380824610471009,0.6,745.8625,767.45,,19.9,2.9
2021-10-09,15.1625,86.125,3.0,,11.775,12.6125,0.2295856666795697,30.3,741.675,762.8625,,18.5,11.7
2021-10-10,11.3,50.875,4.5,,24.875,0.8999999999999999,0.6647528508508529,5.1,741.1875,762.5375,,14.5,6.7
2021-10-11,7.5625,66.625,1.5,,20.375,0.32500000000000007,0.4711077084349271,0.0,747.8625,769.775,,15.7,0.3
2021-10-12,9.3125,67.25,1.375,,12.75,1.5,0.5672414493191301,0.1,749.6,771.5125,,18.4,1.3
2021-10-13,14.225,62.75,2.75,,15.875,6.575,0.672219730086129,0.0,745.5125,766.975,,19.3,8.0
2021-10-14,11.228571428571428,72.71428571428571,2.142857142857143,,11.642857142857142,5.542857142857144,0.4110321536941347,0.0,743.8142857142857,765.2142857142857,,16.4,4.3
2021-10-15,6.8875,51.25,3.625,,17.5,-3.5374999999999996,0.5008607857104073,0.0,746.3875,768.2375,,12.9,0.5
2021-10-16,-0.9375,43.75,3.75,,25.125,-12.1,0.3308475638674498,0.0,749.9375,772.5375,,2.2,-3.7
2021-10-17,2.25,39.25,3.25,,23.375,-11.3375,0.49846069772091367,0.0,745.9499999999999,768.4,,7.7,-5.5
2021-10-18,2.6,63.25,2.25,,16.5,-4.0,0.28332547770351674,0.2,744.225,766.3375,,6.2,-2.8
2021-10-19,-0.46250000000000013,61.5,1.5,,14.25,-8.0125,0.2909489337828699,0.0,748.95,771.5875,,6.3,-7.5
2021-10-20,3.3625000000000003,49.625,1.75,,14.875,-6.925,0.44977497405532046,0.0,745.6625,767.9375,,11.0,-2.3
2021-10-21,3.3375,58.875,1.0,,9.95,-5.1875,0.4104742487269433,0.0,745.1875,767.4125,,10.8,-4.0
2021-10-22,4.375,56.375,1.25,,12.125,-4.7875,0.46086247124769536,0.0,747.875,770.0875,,12.5,-2.5
2021-10-23,7.425000000000001,46.5,2.125,,14.625,-4.6,0.6560869407272104,0.0,748.525,770.6,,14.4,-1.3
2021-10-24,10.675,54.125,2.75,,9.875,1.4,0.6263097607217397,0.0,745.85,767.5,,15.5,6.3
2021-10-25,11.4,65.875,2.625,,5.8,5.075,0.48884060053663725,0.0,742.1,763.6,,15.8,7.8
2021-10-26,8.471428571428572,68.0,2.142857142857143,,6.471428571428571,2.5857142857142854,0.3772371121882063,0.0,740.5571428571428,762.0571428571428,,13.2,2.5
2021-10-27,6.3375,54.25,2.625,,17.0,-3.5625,0.5434326281865904,0.0,742.475,764.4,,15.3,-0.1
2021-10-28,7.475,52.125,1.375,,17.0,-2.9625,0.6066499547031738,0.0,748.0,769.9875,,14.7,-1.2
2021-10-29,10.7125,37.5,2.125,,17.75,-3.625,0.8455073933481647,0.0,745.875,767.5375,,16.0,5.9
2021-10-30,10.35,61.75,2.125,,8.1,3.0375,0.5078811508838625,0.0,744.8375,766.4375,,15.4,5.3
2021-10-31,1.7875,76.5,2.5,,12.75,-2.025,0.16293043461565818,0.0,749.4125,771.7,,3.7,0.3
2021-11-01,2.1875,70.375,1.0,,8.8375,-2.8625,0.22558232234155504,0.0,749.475,771.9375,,5.2,-0.4
2021-11-02,3.8375,73.625,1.625,,5.7875,-0.825,0.2559141132096566,0.0,745.2875,767.5375,,9.7,-3.0
2021-11-03,7.9375,70.875,2.5,,5.5,2.9,0.3220998807523635,0.0,739.3875,761.1,,11.2,5.2
2021-11-04,8.575,79.75,2.125,,3.3625,5.075,0.25190027681350147,0.0,740.3875,762.025,,13.7,5.3
2021-11-05,11.9875,71.25,2.625,,3.775,6.737500000000001,0.4333767799265169,0.0,741.4375,762.9375,,16.6,8.5
2021-11-06,-0.4375000000000001,86.125,4.125,,9.0125,-2.475,0.07704778021114514,2.2,749.05,771.3125,,11.2,-6.2
2021-11-07,-5.5875,82.625,3.0,,7.225,-8.25,0.07192396974589185,19.1,748.825,771.85,,-5.0,-6.5
2021-11-08,-2.2375,92.625,3.625,,5.7125,-3.2875,0.03386618465144217,33.2,731.3,753.6,,0.8,-4.3
2021-11-09,-4.875,94.125,3.0,,9.45,-5.6875,0.02560722650761573,10.7,729.95,752.325,,-3.8,-6.4
2021-11-10,-4.5125,94.5,2.375,,6.0875,-5.2625,0.024212508079742463,7.1,731.9250000000001,754.4,,-3.4,-6.7
2021-11-11,-2.775,82.75,3.0,,11.65,-5.4625,0.09019892094950369,5.6,735.3375,757.75,,-0.2,-6.2
2021-11-12,-4.025,68.5,3.0,,14.25,-9.0875,0.15316101312511732,0.0,738.1875,760.85,,-0.7,-8.0
2021-11-13,1.2,69.875,3.875,,12.75,-3.7750000000000004,0.2067785044354699,0.1,737.0125,759.2125,,3.9,-1.0
2021-11-14,-0.5999999999999999,75.125,2.25,,7.7875,-4.5875,0.15612631311262684,0.1,741.1125,763.45,,3.0,-4.6
2021-11-15,-2.675,80.5,1.625,,4.6625,-5.875,0.12043695496508332,0.0,746.1125,768.7875,,2.5,-7.5
2021-11-16,-0.225,62.125,3.125,,13.625,-6.7625,0.2363043590423024,0.0,746.025,768.5875,,2.4,-3.4
2021-11-17,3.7375000000000003,76.625,3.75,,6.9125,-0.10000000000000003,0.18793246823592147,0.0,740.0,762.125,,6.5,-0.1
2021-11-18,1.975,72.125,3.5,,8.2,-2.7375,0.19655712912225037,0.0,737.125,759.1125,,3.9,-0.5
2021-11-19,-2.45,58.125,2.125,,17.25,-9.75,0.2204620592265461,0.0,744.4,766.9875,,0.5,-4.4
2021-11-20,-3.625,74.25,1.875,,7.975,-7.8,0.13288157641344572,0.0,746.4125,769.175,,-0.1,-7.0
2021-11-21,-5.5125,81.0,2.5,,5.025,-8.3,0.07940889010324802,0.6,741.7,764.4875,,-3.1,-7.3
2021-11-22,-9.0375,82.75,4.5,,3.9625,-11.525,0.05330773720360858,10.1,738.3,761.25,,-7.7,-10.5
2021-11-23,-11.125,65.375,4.75,,18.5,-16.4125,0.09419535074873545,0.0,737.0375,760.2125,,-8.5,-14.1
2021-11-24,-10.671428571428573,56.714285714285715,3.142857142857143,,21.857142857142858,-17.742857142857144,0.12233509816926547,0.0,738.0,761.1714285714286,,-7.7,-13.3
2021-11-25,-10.725,64.5,2.5,,13.5,-16.2125,0.10032886226516202,0.0,742.1375,765.4375,,-7.9,-13.6
2021-11-26,-7.887499999999999,65.25,1.5,,9.5875,-13.45,0.12524556592363784,0.0,749.6125,772.95,,-3.3,-11.6
2021-11-27,-3.6750000000000003,60.625,2.75,,10.375,-10.4125,0.19766352949955782,0.0,751.9625,775.075,,-0.3,-8.3
2021-11-28,3.3375,75.625,4.375,,7.2125,-0.575,0.18973153543291796,0.0,746.6125,769.0,,6.2,-0.6
2021-11-29,-3.1,78.625,2.625,,5.825,-6.35,0.10065280980227853,0.0,747.75,770.35,,2.8,-5.0
2021-11-30,-7.15,84.875,2.75,,5.85,-9.325,0.05700001335575772,1.8,742.35,765.2625,,-5.3,-11.5
2021-12-01,-9.425,72.5,3.25,,11.75,-13.5875,0.0873446017601439,0.0,743.275,766.525,,-7.4,-12.3
2021-12-02,-3.4125,62.5,5.375,,20.375,-9.675,0.1858382953907705,0.0,733.75,756.2625,,0.2,-6.5
2021-12-03,-8.15,70.5,2.5,,15.5,-12.7625,0.10452526375033257,0.0,741.5,764.4875,,-4.9,-12.0
2021-12-04,-7.875,59.5,2.125,,13.25,-14.9375,0.15616677303199145,0.0,747.2625,770.55,,-4.3,-14.3
2021-12-05,1.8625,66.75,3.875,,10.375,-3.8000000000000003,0.23433201551626348,0.0,742.75,765.2125,,5.9,-4.2
2021-12-06,-1.4625,69.5,2.625,,11.3625,-6.6125,0.17496321026059666,0.0,748.25,770.7875,,2.1,-5.5
2021-12-07,-1.025,52.25,2.5,,17.875,-9.9375,0.28797911545019633,0.2,751.5500000000001,774.3875,,3.1,-4.6
2021-12-08,1.2624999999999997,50.125,2.375,,11.125,-8.125,0.34871607385507225,0.1,750.075,772.65,,5.8,-2.7
2021-12-09,3.85,64.75,2.375,,8.375,-2.2375,0.28258039262552914,0.2,746.45,768.6875,,6.3,1.4
2021-12-10,-0.5749999999999998,90.875,2.625,,3.875,-1.8874999999999997,0.054403124095053663,0.4,746.6875,769.1,,3.1,-6.1
2021-12-11,-4.225,84.125,3.0,,7.0125,-6.65,0.07523130705609986,0.0,746.8875,769.775,,-0.2,-7.5
2021-12-12,-9.65,57.75,4.25,,22.375,-16.65,0.1280484319676602,0.0,748.625,771.8875,,-8.0,-11.3
2021-12-13,-6.3,49.5,3.625,,18.75,-15.7,0.21431639946014966,0.0,743.5,766.6375,,-1.6,-12.2
2021-12-14,-3.375,68.75,2.875,,8.6375,-8.6125,0.16845100786988954,0.0,738.3625,760.8625,,1.2,-9.6
2021-12-15,-7.2875,73.25,1.375,,5.4125,-11.625,0.11387117634591376,0.0,742.5,765.5125,,-1.8,-12.8
2021-12-16,-11.625,83.75,2.375,,4.3,-13.8375,0.042187095677076424,3.4,744.65,767.9,,-7.2,-16.9
2021-12-17,-17.4375,64.625,3.75,,12.3875,-22.7625,0.05711964117866502,0.0,746.2375,770.2625,,-16.1,-19.5
2021-12-18,-12.5125,60.625,2.75,,11.0,-18.7125,0.09713347667551117,0.0,741.3,764.9125,,-7.8,-15.3
2021-12-19,-9.175,58.0,3.125,,14.25,-16.0375,0.13690810749282356,0.0,738.1,761.2375,,-5.7,-14.3
2021-12-20,-3.2375,59.375,4.125,,13.5,-10.1375,0.20012122352729506,0.0,734.5,757.0125,,-0.1,-5.8
2021-12-21,-13.325,48.375,2.5,,17.5,-22.2375,0.11615559839863811,0.0,745.6,768.975,,-7.5,-17.4
2021-12-22,-15.875,51.0,1.375,,11.875,-23.9375,0.09161642421293095,0.0,750.275,774.35,,-12.7,-19.7
2021-12-23,-17.6,64.625,2.0,,6.025,-22.8875,0.060065102764191886,0.0,751.325,775.5125,,-12.7,-20.7
2021-12-24,-22.9,55.625,2.375,,11.95,-29.5375,0.04439176564142322,0.4,756.0,780.7875,,-20.8,-25.0
2021-12-25,-23.05,56.375,2.75,,8.75,-29.4625,0.044068330933486013,0.2,755.8375,780.8,,-20.1,-26.3
2021-12-26,-18.075,55.375,3.375,,10.75,-24.9125,0.06782205992237286,0.0,751.0,775.4,,-14.6,-21.3
2021-12-27,-15.3375,63.125,2.5,,8.225,-20.8875,0.07195388464968672,0.0,748.3125,772.2625,,-12.3,-19.0
2021-12-28,-11.1625,58.625,2.875,,8.0625,-17.9375,0.12049422297329296,0.0,743.1,766.65,,-3.6,-16.1
2021-12-29,-15.6125,64.75,1.875,,6.175,-20.912499999999998,0.06561839031482714,0.0,744.825,768.525,,-13.6,-18.6
2021-12-30,-17.650000000000002,56.5,3.0,,10.875,-24.475,0.06829666807312951,0.0,746.85,770.8875,,-13.6,-21.8
2021-12-31,-17.9125,50.5,2.125,,9.7375,-25.9875,0.07826656330105505,0.0,751.5125,775.85,,-14.2,-20.8
