date,sm5,sm10,sm20,sm40,st5,st10,st20,st40,nodes,obs48,T,U,Ff,ff10,VV,Td,VPD,RRR,Po,P,Pa,T_max,T_min
2020-08-07,0.1812155,0.2177312,0.1729453,0.1411282,22.08083,22.14167,21.88333,21.12833,10,48,23.1125,70.75,1.5,,15.125,16.9875,0.9376023740554217,0.0,735.075,755.5,-0.225,27.1,17.0
2020-08-08,0.1814922,0.2177348,0.1724748,0.1407014,22.59417,22.26688,21.65604,20.80417,10,48,25.3125,70.125,1.875,,12.925,18.875,1.1243183113421567,0.0,730.525,750.7,-0.5625,30.8,18.4
2020-08-09,0.1818115,0.2188987,0.1732135,0.1407901,23.30604,22.99479,22.19271,20.86979,10,48,24.2875,84.375,2.375,,12.125,21.3875,0.5006127056626115,1.2,728.25,748.35,-0.1375,27.5,21.8
2020-08-10,0.1812468,0.2186626,0.1731199,0.1408241,23.32667,22.96,22.18479,20.95187,10,48,25.475,79.375,3.125,,10.375,21.4125,0.7472451195898646,1.6,729.2875,749.45,0.21250000000000002,29.2,21.4
2020-08-11,0.1795212,0.2178842,0.1729726,0.1408246,22.77813,22.68104,22.14667,20.99042,10,48,24.8625,73.5,3.125,,11.125,19.625,0.8761502630859062,6.3,732.2625,752.4375,0.5625,29.6,22.0
2020-08-12,0.1782245,0.2168657,0.1722704,0.1404998,22.41604,22.29438,21.82125,20.85646,10,48,25.337500000000002,67.625,2.875,,13.9375,18.425,1.1119695636438596,3.0,736.8875,757.175,0.39999999999999997,29.0,23.1
2020-08-13,0.1768596,0.215097,0.1714784,0.1402653,21.19417,21.38875,21.29396,20.67521,10,48,22.52857142857143,87.71428571428571,3.4285714285714284,,10.714285714285714,20.271428571428572,0.3393426528859268,58.0,730.2428571428571,750.5142857142857,-1.04,24.0,20.2
2020-08-14,0.1920446,0.2190329,0.1713878,0.1397381,21.70375,21.52188,21.03292,20.33854,10,48,24.1875,73.625,4.0,,15.5,18.775,0.8898326666270329,11.0,726.8875,747.0125,0.4875,28.3,18.9
2020-08-15,0.1948559,0.2190757,0.1717324,0.1396215,21.67875,21.54667,21.06042,20.25604,10,48,22.8,75.0,2.375,,16.375,17.625,0.8136446664112922,0.0,732.5625,752.8875,0.5625,27.9,18.5
2020-08-16,0.1944061,0.2185825,0.1714027,0.1394258,21.68417,21.44563,20.92146,20.15187,10,48,24.4625,72.125,1.125,,12.625,18.35,1.0600897407324652,0.0,735.6375,755.9875,0.3,30.4,17.1
2020-08-17,0.193339,0.2211815,0.171646,0.1394072,21.76021,20.31104,21.16062,20.17687,10,48,23.7,85.0,2.25,,8.9125,20.9125,0.4405247949518555,12.7,735.925,756.2625,-0.375,25.9,22.3
2020-08-18,0.1984961,0.225123,0.1720239,0.1394749,22.65083,20.03521,21.40292,20.23333,10,48,25.7625,80.75,3.25,,9.5,21.8125,0.7301640126037936,20.0,734.525,754.7375,0.17500000000000002,29.9,20.2
2020-08-19,0.250375,0.2490385,0.1720912,0.1396891,20.55604,18.94542,21.06458,20.34104,10,48,18.7625,89.5,2.625,,10.0,16.875,0.218798116902254,65.5,738.05,758.725,0.7,20.1,16.6
2020-08-20,0.2469525,0.2537063,0.1701941,0.1385721,18.21438,16.91333,19.3,19.66813,10,48,18.275,63.25,2.5,,14.875,10.675,0.847355147669877,0.0,742.2875,763.2875,0.175,22.8,13.2
2020-08-21,0.2391268,0.2522681,0.1691336,0.1372386,17.70604,16.25521,18.36271,18.85687,10,48,19.2375,64.875,1.875,,13.75,11.75,0.923604377001696,0.0,741.65,762.525,-0.1875,25.0,13.1
2020-08-22,0.2318844,0.2490146,0.1685225,0.1373172,17.75167,16.595,17.98979,17.88,10,48,20.15,74.125,1.0,,11.625,14.5625,0.7949216346636794,0.0,738.2625,759.0,-0.6,26.2,12.3
2020-08-23,0.2276509,0.2458981,0.1691822,0.1401895,19.11583,18.88125,18.43042,16.35479,10,48,22.675,71.125,2.25,,10.75,16.65,0.8952278547374293,0.0,733.625,754.05,-0.44999999999999996,26.8,16.9
2020-08-24,0.2585326,0.2742262,0.1875554999999999,0.1432553,19.32646,19.38958,19.05813,16.58417,10,48,20.0,93.375,1.75,,5.5625,18.7625,0.17741663381718842,118.0,729.55,749.95,-0.4,22.8,18.7
2020-08-25,0.2809882,0.2999725,0.2246459,0.1494473,20.5725,20.11792,19.31729,16.67729,10,48,22.9125,84.875,2.125,,9.025,20.0125,0.49623991972647336,6.1,732.3375,752.7875,0.7,27.7,18.6
2020-08-26,0.274676,0.2951575,0.2313086,0.1542243,21.54479,21.11229,20.21708,17.0675,10,48,24.375,76.875,1.875,,11.5,19.65,0.7842929663720009,0.0,734.975,755.3125,-0.14999999999999997,27.8,20.7
2020-08-27,0.3000695,0.3152297,0.2613905,0.1771982,21.08937,21.12375,20.67604,17.54625,10,48,22.0375,98.625,3.125,,4.1625,21.775,0.04217651878791012,148.0,729.4,749.6625,-0.4875,22.7,21.1
2020-08-28,0.2971003,0.3146922,0.2729346,0.2321763,21.14604,20.95479,20.43188,17.68583,10,48,22.125,94.25,2.25,,8.325,21.125,0.16403694315371697,22.9,732.675,753.0875,0.65,24.5,20.5
2020-08-29,0.2872292,0.3063738,0.2667526,0.2305593,20.1,20.43125,20.33417,17.72229,10,48,18.0,91.0,2.375,,11.625,16.45,0.19722301375928086,0.0,737.2875,758.05,0.475,19.8,15.9
2020-08-30,0.2812363,0.3007374,0.2614552,0.226185,19.28125,19.39917,19.35104,17.33792,10,48,21.0125,81.375,1.875,,11.4875,17.5,0.5291700591751229,0.0,739.2625,760.0,0.037500000000000006,25.2,15.3
2020-08-31,0.2781998,0.2979628,0.2583666,0.222398,20.66771,20.26479,19.60146,17.13104,10,48,24.75,74.375,2.875,,10.25,19.7125,0.8587319871094856,0.0,736.5625,756.95,-0.525,28.7,20.2
2020-09-01,0.2821349,0.2999566,0.257812,0.2203674,21.71667,21.38667,20.54792,17.42729,10,48,22.8,82.5,2.375,,10.4125,19.425,0.5458508934488034,73.6,733.6,753.9125,-0.06249999999999999,26.2,18.4
2020-09-02,0.2764395,0.2964089,0.2554397,0.218786,20.93417,20.89938,20.46854,17.655,10,48,22.425,76.75,1.875,,11.125,17.875,0.6695000464149516,3.0,735.1125,755.55,0.125,25.6,20.6
2020-09-03,0.3050376,0.3180544,0.2738901,0.2369174,18.53125,19.12562,19.46979,17.50562,10,48,17.15,95.875,5.0,,5.65,16.4375,0.09232535352278887,275.0,726.5375,746.9875,-1.157142857142857,19.6,14.8
2020-09-04,0.3145088,0.3356469,0.2914575,0.2666014,16.34958,16.88854,17.53125,16.63396,10,48,17.075,84.25,5.0,,12.6625,14.2375,0.3387303559154098,138.0,730.5,751.3,1.1,19.6,14.3
2020-09-05,0.3023071,0.3286652,0.2863791,0.2612581,17.82104,17.6725,17.50875,16.08104,10,48,19.7875,75.75,3.125,,14.0,15.3375,0.576861754476548,18.1,735.75,756.425,0.475,23.8,17.6
2020-09-06,0.2915254,0.3213639,0.2815966,0.2553752,18.91417,18.61604,18.13979,16.11292,10,48,20.6875,77.875,1.75,,12.125,16.25,0.6522897261189329,6.0,737.8125,758.5,0.0625,26.5,16.4
2020-09-07,0.2860305,0.3171424,0.2787853,0.2517353,18.72792,18.7325,18.4725,16.29438,10,48,19.6125,88.125,3.25,,8.7375,17.475,0.30077610905118485,9.0,734.2875,754.8625,-1.0375,22.2,16.5
2020-09-08,0.3335376,0.3505821,0.2945783,0.2640237,17.30708,17.70187,17.96708,16.27479,10,48,16.025,99.0,6.0,,4.0,15.825,0.02313244387555219,254.0,727.4375,748.0375,-0.012500000000000004,16.4,15.6
2020-09-09,0.3284218,0.3478245,0.2959891,0.2693218,17.16979,17.29229,17.36042,15.91458,10,48,15.7,99.0,4.125,,3.3625,15.5,0.02271937858496728,187.0,730.4875,751.3,0.1875,16.8,15.2
2020-09-10,0.3113662,0.3356556,0.2887322,0.2631751,17.60396,17.64479,17.48396,15.75688,10,48,16.9375,96.0,2.625,,8.3875,16.25,0.08687378042500152,36.3,734.925,755.7875,1.0875,19.1,15.4
2020-09-11,0.3001342,0.3279925,0.2843182,0.2581292,17.31,17.42292,17.39688,15.70875,10,48,18.15,87.875,3.25,,11.875,15.950000000000001,0.2969101533653161,0.0,743.325,764.325,0.725,22.1,14.5
2020-09-12,0.2914733,0.3218884,0.2809326,0.2541294,16.85,17.07813,17.18396,15.61792,10,48,17.9875,85.0,2.25,,12.375,15.3375,0.33518871807379547,0.0,745.6125,766.65,-0.07499999999999998,21.1,14.5
2020-09-13,0.2889281,0.3180288,0.2787027,0.247208,17.27604,17.33667,17.1925,16.55292,10,48,17.25,81.5,1.75,,11.3125,13.6625,0.4416594334480901,0.0,742.875,763.8625,-0.4875,21.9,12.5
2020-09-14,0.2841378,0.314116,0.2767284,0.2427671,16.75708,16.95771,16.98812,17.10625,10,48,16.5,81.625,1.125,,9.825,12.85,0.444177755819531,0.0,740.3875,761.425,0.04285714285714286,21.7,9.9
2020-09-15,0.2788165,0.3115867,0.2752654,0.2406798,17.62062,17.46958,17.15125,17.04542,10,48,19.1625,75.5,2.125,,12.375,14.4375,0.6052516448366431,0.0,737.8,758.6125,-0.875,22.5,13.6
2020-09-16,0.2867296,0.3139611,0.2747784,0.2392246,17.04917,17.33792,17.33667,17.16833,10,48,18.225,66.25,3.625,,14.125,11.137500000000001,0.7352352491134901,23.0,730.225,750.775,-0.575,22.1,16.1
2020-09-17,0.2894536,0.3149297,0.2743255,0.2377038,14.43875,15.24,16.05458,16.85792,10,48,14.5375,70.625,3.875,,16.25,9.1625,0.48970983717669186,13.0,730.7,751.5125,0.32499999999999996,16.1,13.6
2020-09-18,0.2992482,0.319883,0.2747788,0.2364824,14.32896,14.76042,15.22583,16.15292,10,48,13.875,82.25,3.375,,15.625,10.8125,0.2998255842876547,12.0,733.7,754.7375,0.4875,16.3,10.9
2020-09-19,0.2985905,0.3198335,0.2748129,0.2361286,14.27562,14.66896,15.03583,15.75604,10,48,12.775,94.75,1.25,,10.375,11.925,0.08074982200397751,20.6,738.1625,759.35,0.6,14.2,10.2
2020-09-20,0.2950787,0.3172022,0.2736636,0.2354918,13.78563,14.17083,14.59458,15.42667,10,48,12.475,87.875,1.625,,11.4625,10.35,0.20230886545937843,0.4,742.1375,763.525,0.375,15.5,9.0
2020-09-21,0.2903853,0.3141511,0.2723858,0.2345758,13.58625,13.93354,14.31792,15.11979,10,48,13.2125,84.25,1.25,,11.075,10.35,0.2807263105732468,0.0,743.6375,765.025,-0.07142857142857142,16.8,9.9
2020-09-22,0.2863653,0.3114235,0.2713535,0.2335278,13.98104,14.14917,14.30396,14.9225,10,48,13.0625,94.75,1.5,,7.0375,12.25,0.07728708611237228,20.0,742.9625,764.325,0.08750000000000001,14.5,10.0
2020-09-23,0.2830811,0.3096269,0.2705981,0.232636,14.24896,14.46604,14.51833,14.87625,10,48,13.85,84.375,1.0,,6.225,10.7125,0.33170717069529926,0.4,744.0,765.35,-0.08750000000000001,19.8,10.0
2020-09-24,0.2788575,0.3074081,0.2694937,0.2316453,14.29458,14.31125,14.31083,14.76562,10,48,15.425,84.5,1.375,,5.9625,12.6125,0.32741503578996767,0.0,742.4125,763.5625,-0.15000000000000002,20.3,8.9
2020-09-25,0.2754501,0.3063242,0.2691072,0.2309081,15.61521,15.43542,15.02938,14.88,10,48,16.15,84.625,0.875,,6.8125,13.1375,0.36879534169591155,0.0,742.4,763.525,0.15,22.0,12.0
2020-09-26,0.2703852,0.3039251,0.2682962,0.2303602,15.50875,15.47521,15.25458,15.11271,10,48,15.7375,79.125,0.875,,7.875,11.15,0.5290358371229742,0.0,743.55,764.725,0.024999999999999984,22.5,9.9
2020-09-27,0.2653362,0.3014835,0.2673184,0.2296252,15.61083,15.52292,15.31229,15.22292,10,48,18.8875,66.0,3.0,,10.425,11.7875,0.8437201774814298,0.0,741.625,762.5875,-0.35,24.3,13.6
2020-09-28,0.2621092,0.2995846,0.2666506,0.2290335,15.68771,15.83938,15.69292,15.40771,10,48,15.0375,84.875,2.875,,7.5125,12.2,0.28652332472908426,1.6,740.1125,761.1,0.025,18.9,10.1
2020-09-29,0.2612968,0.2973189,0.2649631,0.2278757,12.83354,13.66333,14.48438,15.17979,10,48,10.133333333333333,79.5,2.0,,9.285714285714286,5.966666666666666,0.3203187769430444,2.0,740.4428571428572,761.9499999999999,-0.13333333333333333,15.1,4.8
2020-09-30,0.2561628,0.2946315,0.2632401,0.2261478,11.70083,12.37021,13.21875,14.45833,10,48,9.4375,70.75,1.5,,8.1,3.075,0.47613356985996225,0.0,741.0,762.8000000000001,-0.08750000000000001,16.0,2.8
2020-10-01,0.2519045,0.29183,0.2617337,0.224684,10.75792,11.45458,12.38667,13.83708,10,48,10.0625,79.125,2.0,,8.8625,6.3875,0.2995826668021898,0.4,737.7125,759.2,-0.5874999999999999,13.4,3.5
2020-10-02,0.2576514,0.2937595,0.2614888,0.2235601,12.13542,12.35583,12.56729,13.38979,10,48,12.9375,65.875,4.125,,12.75,6.025,0.5441044764001374,2.8,735.8625,757.0375,0.375,15.9,9.4
2020-10-03,0.2523228,0.2916606,0.2606364,0.222753,10.92708,11.47646,12.13646,13.20083,10,48,11.4375,55.5,3.125,,15.375,2.15,0.6682848559895579,0.0,738.1625,759.5125,-0.35,16.9,6.6
2020-10-04,0.258328,0.2908926,0.2596019,0.2217721,9.67771,10.54417,11.53188,12.87729,10,48,8.075,81.625,4.25,,13.5,4.8125,0.21859025954048492,12.1,735.6125,757.025,0.1625,11.9,6.0
2020-10-05,0.2676643,0.2953782,0.259434,0.2206973,9.37042,9.96271,10.78833,12.29292,10,48,8.1125,75.5,3.25,,14.25,3.4375,0.3146932450608318,1.2,741.225,762.9375,0.8250000000000001,13.0,2.7
2020-10-06,0.2624997,0.2940427,0.2590614,0.2199975,9.04125,9.67625,10.4475,11.85917,10,48,6.925,70.375,2.0,,11.25,0.6124999999999999,0.3966933840335105,0.0,745.0,766.8875,0.3125,14.0,1.5
2020-10-07,0.2574029,0.2916853,0.2581728,0.2192408,8.31958,8.91313,9.79021,11.42917,10,48,7.8875,73.625,0.75,,9.75,2.5625,0.40280636649375656,0.0,747.5500000000001,769.4625,0.3625,16.6,1.2
2020-10-08,0.2543546,0.2906192,0.2577478,0.2186054,9.08625,9.30833,9.77729,11.11563,10,48,12.55,66.625,2.25,,7.375,6.0625,0.5820544586777242,0.0,749.025,770.7375,,18.9,1.9
2020-10-09,0.2530943,0.2906604,0.25804,0.2184603,11.11542,10.96521,10.76687,11.24146,10,48,16.3875,42.25,2.625,,11.25,2.7875,1.124727343078691,0.0,744.95,766.1625,-0.45,20.5,13.0
2020-10-10,0.2512567,0.2903649,0.2582945,0.2185828,12.4,12.12583,11.67104,11.63229,10,48,16.525,61.625,3.25,,9.5,8.6625,0.7665914758698482,0.0,741.7125,762.775,-0.4125,20.9,13.6
2020-10-11,0.2509373,0.2885617,0.2577374,0.2187113,10.26396,11.12896,11.71438,12.03979,10,48,9.3625,85.75,2.375,,10.625,7.0874999999999995,0.17528601548975586,7.7,740.7875,762.1375,0.3125,15.1,3.2
2020-10-12,0.2508188,0.2864268,0.2556303,0.2174596,6.87375,8.04667,9.555,11.415,10,48,5.8375,49.875,2.125,,15.0,-5.1,0.5258852696688152,0.0,742.7625,764.7125,-0.11249999999999999,11.0,0.2
2020-10-13,0.2472837,0.2845898,0.2545153,0.2161561,5.76396,6.93583,8.42333,10.54646,10,48,5.75,42.375,4.5,,14.25,-6.45,0.5459050750545724,0.0,743.2875,765.1375,0.775,9.7,0.2
2020-10-14,0.2443225,0.2828121,0.2532585,0.2149779,4.155,5.42875,7.14938,9.67229,10,48,1.85,46.125,2.625,,17.0,-9.225,0.4057727124605437,0.0,748.875,771.2625,-0.06250000000000001,6.3,-2.7
2020-10-15,0.2419595,0.2820207,0.2524063,0.2139008,4.49896,5.25292,6.44333,8.85417,10,48,7.5,35.875,3.125,,14.125,-7.1125,0.7030230245668562,0.0,745.375,767.325,-0.425,13.0,2.6
2020-10-16,0.2417489,0.2818852,0.2522283,0.213279,5.17437,5.77896,6.64688,8.51083,10,48,7.2875,42.5,3.25,,13.375,-5.2625,0.6158943276401895,0.0,743.65,765.45,-0.21250000000000002,11.1,4.6
2020-10-17,0.2405953,0.2818729,0.2520893,0.2129095,6.20625,6.46479,6.91625,8.38688,10,48,10.674999999999999,39.125,3.375,,13.875,-3.125,0.8314945165373129,0.0,741.1625,762.7,0.11250000000000002,16.7,6.7
2020-10-18,0.2384893,0.2804833,0.2518069,0.2127358,5.68875,6.39229,7.14458,8.46625,10,48,6.4375,44.875,1.875,,14.625,-6.0375,0.6025913642220079,0.0,745.475,767.3625,0.16250000000000003,12.0,-1.7
2020-10-19,0.2381363,0.2798661,0.251311,0.2123511,6.42292,6.65146,7.04604,8.34521,10,48,12.4125,36.625,3.375,,12.0,-2.5,0.9638747480472598,0.0,744.1625,765.75,-0.15,18.3,6.7
2020-10-20,0.2391338,0.2810405,0.2517836,0.2122968,8.715,8.34333,8.00167,8.525,10,48,14.875,55.125,3.5,,6.75,5.5125,0.8199328929591273,0.0,742.95,764.2,-0.675,19.9,10.1
2020-10-21,0.245782,0.2826712,0.2528059,0.2128311,9.24833,9.52062,9.37271,9.21396,10,48,9.15,70.75,3.375,,9.125,3.6875,0.3737315013002594,55.6,738.525,759.8625,0.062499999999999986,15.1,2.2
2020-10-22,0.243563,0.2800932,0.2511163,0.2123289,5.22792,6.35938,7.65938,9.13521,10,48,1.6625,57.75,2.125,,15.25,-6.275,0.32196527744142717,0.0,741.7,763.825,0.3375,6.5,-3.7
2020-10-23,0.2380418,0.2778555,0.2496907,0.2110379,3.13958,4.35187,5.99938,8.30104,10,48,-0.575,62.875,2.0,,17.75,-7.9125,0.2726582654134412,0.0,742.5,764.875,-0.0375,5.8,-6.1
2020-10-24,0.2369591,0.2772583,0.2488477,0.2097829,3.02875,3.83146,5.09604,7.42813,10,48,3.0375,51.625,2.875,,16.25,-6.925,0.44140161648944976,0.0,741.6375,763.8625,-0.2,9.5,-6.4
2020-10-25,0.2381566,0.2774524,0.2485957,0.2091492,3.63062,4.18854,5.06083,6.96604,10,48,5.8625,48.375,1.75,,10.625,-5.0125,0.5384339145669139,0.0,742.5375,764.4375,0.39999999999999997,13.3,-0.6
2020-10-26,0.2383875,0.2774479,0.2483915,0.2087386,4.22208,4.55667,5.18854,6.80708,10,48,7.625,61.25,1.875,,8.7125,-1.0125000000000002,0.5273232166271891,0.0,742.3375,764.1875,-0.3375,14.6,-2.8
2020-10-27,0.2376524,0.2775218,0.2484932,0.2086343,4.52625,5.09292,5.68333,6.88292,10,48,4.7875,45.625,2.875,,13.25,-6.8125,0.49412924416890874,0.0,745.1625,767.075,0.6125,9.5,0.8
2020-10-28,0.231659,0.275346,0.2475803,0.2082198,2.70333,3.67417,4.90292,6.74104,10,48,1.125,43.125,2.375,,14.25,-10.9625,0.4133296385280292,0.0,747.1125,769.4625,0.2125,6.8,-3.7
2020-10-29,0.2265351,0.273601,0.2466034,0.2074557,1.80917,2.75271,4.07146,6.23542,10,48,0.8500000000000001,52.375,1.375,,12.375,-8.6375,0.35471337907824474,0.0,749.15,771.6625,0.275,7.3,-3.4
2020-10-30,0.2245675,0.2729171,0.2459564,0.2067508,2.01604,2.61771,3.63125,5.735,10,48,4.55,50.0,2.125,,12.0,-6.375,0.5151928772519753,0.0,748.325,770.6375,-0.725,10.7,-4.3
2020-10-31,0.2314874,0.275184,0.246469,0.2064983,4.46729,4.43167,4.45771,5.63958,10,48,9.65,49.5,4.375,,8.625,-0.8125,0.590521996361407,4.2,738.5875,760.125,-0.8,13.1,6.2
2020-11-01,0.2303496,0.2749506,0.2466743,0.2066315,3.97854,4.49667,4.98542,5.98896,10,48,4.85,44.125,4.125,,15.75,-6.5875,0.49806398818575454,0.0,740.125,761.875,0.525,8.0,0.7
2020-11-02,0.2243486,0.2727398,0.2457561,0.2062945,1.87146,2.93958,4.18333,5.90437,10,48,0.625,42.875,4.25,,17.625,-10.8625,0.3764137401805713,0.0,742.05,764.275,0.0125,4.6,-2.5
2020-11-03,0.2054089,0.2673253,0.2444017,0.2054419,0.165,1.38625,2.95083,5.33104,10,48,-3.7,43.5,3.125,,22.625,-14.7875,0.27465138753865403,0.0,743.225,765.875,0.1875,0.0,-6.9
2020-11-04,0.1797026,0.2525654,0.243289,0.2045011,-0.37229,0.66375,2.10125,4.63438,10,48,0.3625,35.0,2.75,,17.875,-14.1125,0.45281035147908194,0.0,742.575,765.0875,-0.325,6.4,-7.4
2020-11-05,0.1910807,0.2540757,0.2426835,0.2037995,0.14604,0.68646,1.79979,4.11354,10,48,6.9125,59.125,2.875,,8.625,-1.0125,0.436078856926588,0.0,740.8125,762.675,-0.2375,12.4,3.0
2020-11-06,0.2178394,0.2683212,0.2434679,0.2035867,3.06896,2.73542,2.69083,4.0125,10,48,10.425,41.5,5.375,,10.5,-3.3625,0.7488063332367507,0.0,737.2,758.6,-0.22500000000000003,13.7,5.2
2020-11-07,0.216708,0.2693447,0.2440524,0.2039404,2.48625,2.92146,3.42437,4.51,10,48,3.2625,42.5,3.125,,13.5,-9.175,0.47830739892938423,0.0,739.25,761.175,0.5857142857142856,8.8,-1.1
2020-11-08,0.2114466,0.2674137,0.2436394,0.2039091,1.06062,2.02146,3.10396,4.61167,10,48,-1.55,42.25,3.625,,19.75,-13.0125,0.3262417055133099,0.0,745.3375,767.8,0.425,2.3,-3.5
2020-11-09,0.1813271,0.2565846,0.2425872,0.2033124,-0.33646,0.83312,2.14375,4.22687,10,48,-4.8625,49.5,2.125,,22.5,-14.3875,0.23537109086016786,0.0,746.65,769.5,0.375,-0.1,-9.7
2020-11-10,0.1602527,0.2295586,0.2412549,0.2026704,-0.70375,0.18979,1.47167,3.71438,10,48,0.9499999999999998,45.75,2.75,,16.875,-9.875,0.3951213380421911,0.0,747.8125,770.5,-0.1375,6.5,-9.4
2020-11-11,0.1883083,0.2429577,0.2407846,0.2021543,0.62438,0.56688,1.35771,3.34708,10,48,8.9375,54.25,3.25,,8.875,-0.22499999999999998,0.5720131128867038,0.0,746.55,768.4625,-0.35,14.5,3.8
2020-11-12,0.2152164,0.2658339,0.2422829,0.2021683,3.38083,2.98,2.63167,3.46667,10,48,9.1,52.5,4.0,,9.75,-0.6124999999999999,0.574627656450653,0.0,744.6375,766.2875,0.575,13.5,2.8
2020-11-13,0.2102254,0.2657128,0.2426893,0.2026486,1.82458,2.4575,3.05979,4.03208,10,48,2.0625,57.625,1.375,,14.0,-6.0125,0.34211649942510025,0.0,751.8,774.2,0.225,8.1,-4.2
2020-11-14,0.2039476,0.2631138,0.24201,0.2028083,1.12479,1.74479,2.55354,4.00458,10,48,6.275,39.0,2.75,,11.25,-8.075,0.657773727225006,0.0,747.9,770.0625,-0.75,12.6,-1.5
2020-11-15,0.2092936,0.2639482,0.2420789,0.2027088,2.02771,2.36583,2.74396,3.90375,10,48,6.0875,61.875,3.625,,8.25,-1.05,0.38121465633129353,0.0,746.375,768.275,0.7125,10.8,0.2
2020-11-16,0.2002274,0.2615162,0.241654,0.2025857,0.64208,1.41979,2.37187,3.89229,10,48,1.4625,61.625,1.625,,10.7875,-6.4125000000000005,0.3211522251660348,0.0,750.3375,772.85,-0.5375,6.9,-5.6
2020-11-17,0.2096314,0.2631152,0.241703,0.202229,2.34,2.30875,2.47292,3.69417,10,48,7.8125,74.0,3.625,,4.425,3.175,0.27436694177708654,4.4,743.2625,765.15,-0.35000000000000003,12.1,3.8
2020-11-18,0.2200787,0.2656813,0.242144,0.2024403,1.68708,2.3475,2.97729,3.94729,10,48,0.36249999999999993,100.0,4.375,,3.925,0.36249999999999993,0.0,21.6,741.475,763.5875,-1.1875,3.4,-1.1
2020-11-19,0.2157271,0.2642877,0.2416436,0.2021979,0.64313,1.32333,2.2025,3.76687,10,48,-5.1625,98.125,3.375,,16.0125,-5.4125000000000005,0.006900167481050538,96.0,734.0125,756.4625,0.7,-0.7,-7.4
2020-11-20,0.21514,0.2635747,0.2413278,0.2017386,0.6375,1.15833,1.89063,3.46688,10,48,-9.0375,89.0,1.75,,27.625,-10.5625,0.03580915983519184,15.2,746.3625,769.575,1.175,-7.0,-10.8
2020-11-21,0.2136995,0.2634716,0.2411735,0.2014965,0.6225,1.11875,1.7725,3.28083,10,48,-7.1,91.125,1.875,,17.875,-8.337499999999999,0.03312675432039438,0.0,749.0875,772.3625,-0.03750000000000002,-6.0,-8.8
2020-11-22,0.2088282,0.2630264,0.2410378,0.2013413,0.56979,1.05563,1.685,3.14708,10,48,-11.1125,84.625,1.75,,24.5,-13.3,0.04577346694950045,0.0,749.0625,772.5375,-0.037500000000000006,-7.3,-15.0
2020-11-23,0.2026997,0.2611341,0.2408303,0.2011686,0.4175,0.94208,1.56312,3.02812,10,48,-7.8625,76.125,4.0,,29.75,-11.35,0.0832631971441962,0.0,747.7125,771.0125,0.08749999999999998,-5.1,-11.4
2020-11-24,0.1995135,0.2538965,0.2403223,0.2008912,0.28292,0.83667,1.45458,2.90958,10,48,-4.8625,78.125,2.5,,17.0,-8.15,0.09715573895285831,0.0,748.45,771.4625,-0.275,-3.0,-8.0
2020-11-25,0.1986326,0.2480823,0.2396512,0.2006094,0.29104,0.78313,1.36563,2.80417,10,48,-5.7375,87.125,2.375,,11.125,-7.6375,0.05708172045879199,0.0,748.2,771.15,0.6,-3.3,-10.7
2020-11-26,0.1953371,0.2435571,0.2389542,0.2003801,0.13167,0.69396,1.30396,2.71521,10,48,-8.925,92.25,0.875,,8.45,-10.0125,0.029119311592584893,0.0,753.15,776.6,0.11250000000000002,-3.8,-12.5
2020-11-27,0.1880162,0.2369708,0.23628,0.200124,-0.23146,0.45313,1.17667,2.61958,10,48,-11.4625,81.125,2.0,,18.375,-14.25,0.05502455190691441,0.0,751.7875,775.4375,-0.225,-7.6,-15.6
2020-11-28,0.1770935,0.231758,0.2311718,0.1997831,-0.57729,0.18542,0.99375,2.49562,10,48,-12.0875,82.25,1.75,,23.75,-14.6,0.04775546943627323,0.0,750.9625,774.65,-0.2125,-8.4,-14.8
2020-11-29,0.1688429,0.2245818,0.2269138,0.1992199,-0.82021,-0.0475,0.81167,2.36854,10,48,-11.325,84.875,2.5,,17.375,-13.4375,0.04333864651505255,0.0,749.9875,773.6,0.25,-7.6,-15.8
2020-11-30,0.1633415,0.2182912,0.2193095,0.1985287,-0.97042,-0.24417,0.62729,2.23458,10,48,-11.0625,78.625,3.5,,30.0,-14.0625,0.0577629271551985,0.0,753.5375,777.2125,0.5,-8.9,-13.5
2020-12-01,0.1579032,0.2138652,0.2130345,0.1977336,-1.15708,-0.41333,0.47063,2.09875,10,48,-11.05,77.625,3.0,,29.75,-14.25,0.061529777929226384,0.0,754.9125,778.65,-0.2,-8.5,-13.3
2020-12-02,0.1529225,0.2097611,0.209855,0.1967869,-1.27708,-0.56625,0.31875,1.97729,10,48,-10.7625,73.375,3.75,,27.75,-14.675,0.07431266227214112,0.0,751.5625,775.1625,-0.4375,-8.8,-12.8
2020-12-03,0.1496492,0.2046556,0.2071839,0.1956394,-1.39229,-0.68896,0.18458,1.86042,10,48,-10.35,74.5,4.25,,30.0,-14.0875,0.0757576008357187,0.0,749.8,773.3375,-0.1,-7.6,-13.9
2020-12-04,0.1485922,0.2008594,0.2049374,0.1940836,-1.34271,-0.71854,0.08417,1.75333,10,48,-8.825,65.75,4.25,,28.875,-14.15,0.11103797293139922,0.0,748.05,771.375,-0.3125,-6.6,-11.3
2020-12-05,0.1477905,0.1984543,0.2028503,0.1917407,-1.35167,-0.74937,0.01833,1.65729,10,48,-7.7,62.25,3.625,,25.75,-13.7375,0.13256654424505837,0.0,747.5375,770.7375,0.012500000000000011,-5.0,-10.1
2020-12-06,0.146291,0.1956035,0.2003527,0.1892566,-1.51208,-0.87417,-0.06438,1.565,10,48,-8.075,69.375,3.25,,23.375,-12.8375,0.1060105117898142,0.0,746.1375,769.2625,0.10000000000000002,-5.8,-11.2
2020-12-07,0.144004,0.1921613,0.1967365,0.1873129,-1.75229,-1.04229,-0.20146,1.48458,10,48,-11.7875,71.875,3.875,,30.0,-15.925,0.07258698476949667,0.0,748.7375,772.275,0.09999999999999999,-9.9,-14.1
2020-12-08,0.1419082,0.188966,0.1923746,0.1851958,-1.9125,-1.19708,-0.34687,1.38625,10,48,-10.1375,57.125,3.5,,30.0,-17.1375,0.1262559003061836,0.0,747.475,770.9625,-0.3375,-7.6,-12.9
2020-12-09,0.1406298,0.1863432,0.188694,0.1816875,-1.94458,-1.28333,-0.44396,1.30937,10,48,-5.0125,57.25,3.125,,19.5,-12.25,0.1843159232014101,0.0,742.35,765.25,-0.6125,-1.9,-8.8
2020-12-10,0.1401231,0.1846842,0.186017,0.1788735,-1.93708,-1.29167,-0.50875,1.19938,10,48,-6.6875,61.0,3.875,,24.0,-13.1125,0.15232878329037727,0.0,741.6125,764.5,0.23750000000000002,-3.2,-9.5
2020-12-11,0.1382795,0.1821051,0.182737,0.1770589,-2.18458,-1.46479,-0.625,1.10875,10,48,-11.35,71.5,1.625,,23.5,-15.675,0.079478346648516,0.0,744.3375,767.625,0.2,-7.1,-13.7
2020-12-12,0.1347833,0.1779158,0.1769585,0.1751908,-2.69375,-1.84021,-0.86042,1.01312,10,48,-13.775,70.5,1.375,,19.0,-18.3125,0.06890335021997633,0.0,743.6375,767.2125,-0.1125,-10.6,-18.8
2020-12-13,0.130941,0.1731936,0.1699797,0.1723122,-3.22979,-2.27583,-1.15917,0.87396,10,48,-17.15,71.75,2.75,,23.75,-21.25,0.04843694627990737,0.0,745.7875,769.775,0.4375,-14.1,-19.8
2020-12-14,0.128488,0.1695692,0.1641054,0.1693177,-3.63667,-2.655,-1.47104,0.69271,10,48,-17.825,65.625,3.125,,29.75,-22.8,0.05401170913230411,0.0,748.175,772.3,0.275,-14.8,-20.0
2020-12-15,0.1254927,0.1659912,0.1589039,0.1669851,-4.19542,-3.14083,-1.85042,0.48917,10,48,-19.5625,65.875,2.125,,29.125,-24.4125,0.046415519396383616,0.0,750.3125,774.6625,0.15000000000000002,-16.2,-21.8
2020-12-16,0.1233541,0.1630705,0.1534922,0.1647761,-4.54417,-3.51604,-2.21313,0.265,10,48,-17.5625,61.0,2.625,,29.0,-23.4375,0.06399997058363283,0.0,750.325,774.6125,-0.2625,-14.9,-20.7
2020-12-17,0.1232367,0.1621552,0.150759,0.1623486,-4.31875,-3.48604,-2.34583,0.06146,10,48,-12.4625,61.375,4.125,,29.375,-18.425,0.09218365487946789,0.0,746.95,770.6625,-0.15,-9.5,-14.5
2020-12-18,0.123404,0.1619352,0.1496863,0.1589808,-4.19521,-3.38458,-2.34146,-0.05604,10,48,-14.65,59.875,3.625,,30.0,-20.8625,0.0818789033114124,0.0,749.7125,773.5375,0.4875,-11.6,-16.7
2020-12-19,0.1216462,0.1602861,0.1479451,0.1558011,-4.72458,-3.78792,-2.60646,-0.19104,10,48,-15.775,60.25,2.625,,29.875,-21.7875,0.07343986041410398,0.0,751.125,775.1625,-0.049999999999999996,-12.7,-18.3
2020-12-20,0.1205964,0.1587875,0.1459548,0.1526112,-4.88917,-4.01208,-2.86083,-0.37625,10,48,-11.8125,62.875,3.5,,29.625,-17.575,0.09833254622042385,0.0,749.175,772.9,-0.4125,-8.7,-15.7
2020-12-21,0.1217685,0.1591472,0.1452906,0.1492764,-4.27604,-3.62583,-2.73062,-0.49437,10,48,-6.0875,56.875,4.375,,21.25,-13.3125,0.1719674828496178,0.0,745.1,768.175,-0.45,-3.7,-9.0
2020-12-22,0.1232101,0.1602306,0.1453795,0.1475345,-3.68021,-3.13458,-2.44333,-0.49125,10,48,-3.3375,71.0,3.375,,12.25,-7.95,0.14409982698633447,0.0,741.9,764.55,-0.3375,-0.2,-5.3
2020-12-23,0.1238193,0.1607128,0.1453804,0.1464104,-3.49312,-2.96896,-2.2975,-0.495,10,48,-4.35,73.375,4.0,,11.5125,-8.55,0.12127538704777252,0.0,738.0375,760.575,-0.22499999999999998,-2.2,-9.4
2020-12-24,0.1237203,0.160782,0.1452543,0.1455329,-3.54208,-2.92042,-2.21021,-0.48083,10,48,-10.875,81.125,3.125,,21.625,-13.6,0.052033550951695234,0.0,741.125,764.3,0.1125,-9.0,-12.2
2020-12-25,0.1214416,0.1588064,0.1436497,0.1439668,-4.38896,-3.57042,-2.60146,-0.57562,10,48,-13.0625,68.375,3.75,,30.0,-17.8125,0.07709456182012883,0.0,742.4375,765.95,0.525,-9.0,-16.9
2020-12-26,0.1194834,0.1567474,0.1412211,0.1408385,-4.92083,-4.07875,-3.03792,-0.76271,10,48,-10.325,58.625,1.5,,24.875,-17.5125,0.13662404750809953,0.0,743.8,767.175,-0.3375,-5.8,-16.5
2020-12-27,0.1198667,0.1565503,0.1399235,0.137158,-4.56583,-3.90521,-3.04917,-0.89583,10,48,-12.525,70.375,2.375,,20.375,-17.0375,0.07106364046669769,0.0,744.7,768.1125,0.8625,-8.7,-16.1
2020-12-28,0.117675,0.1549641,0.1385447,0.1338332,-5.34479,-4.43521,-3.33354,-0.99667,10,48,-15.6,61.625,2.375,,24.375,-21.45,0.07238971410714151,0.0,750.4625,774.4125,0.4375,-12.7,-17.6
2020-12-29,0.1156024,0.1529886,0.1365772,0.1299986,-5.90437,-4.93854,-3.7575,-1.22958,10,48,-19.9875,68.25,2.75,,23.5,-24.6125,0.040709254173343465,0.0,750.9875,775.3125,-0.45,-18.1,-21.8
2020-12-30,0.1129161,0.1505779,0.134527,0.1267126,-6.55437,-5.53458,-4.25146,-1.48479,10,48,-20.3375,60.625,3.875,,29.75,-26.025,0.0497266252687263,0.0,745.325,769.6999999999999,-0.6,-17.4,-24.3
2020-12-31,0.1119041,0.1493604,0.1330702,0.1243024,-6.71208,-5.73396,-4.52125,-1.74312,10,48,-18.55,63.25,3.5,,29.875,-23.9,0.054166606632610935,0.0,743.075,767.1,-0.012500000000000004,-15.4,-20.9
2021-01-01,0.109865,0.1474433,0.1315686,0.122268,-7.37458,-6.27667,-4.93479,-2.00292,10,48,-21.2125,64.625,1.75,,24.125,-26.425,0.04393366394148918,0.0,747.675,772.05,0.7375,-16.7,-23.5
2021-01-02,0.1077904,0.1452244,0.1296623,0.1195511,-8.04542,-6.91896,-5.49104,-2.34771,10,48,-18.9125,59.125,2.5,,29.25,-25.0125,0.059343768346329304,0.0,749.7375,774.1125,0.11250000000000002,-15.6,-23.2
2021-01-03,0.107416,0.1443229,0.1286192,0.1163654,-8.03792,-7.02563,-5.73396,-2.65354,10,48,-17.7,61.125,3.375,,30.0,-23.4625,0.06120363853085535,0.0,750.5125,774.7625,0.05,-15.1,-19.9
2021-01-04,0.1068087,0.1436504,0.1278978,0.1146182,-8.21396,-7.19667,-5.90375,-2.88187,10,48,-17.9375,57.875,3.125,,29.875,-24.3375,0.06484497532503833,0.0,750.5125,774.725,0.012499999999999997,-15.2,-19.8
2021-01-05,0.1056486,0.1423935,0.1269479,0.1133912,-8.69917,-7.62687,-6.25521,-3.14708,10,48,-19.9,61.25,2.25,,29.875,-25.575,0.051495318812033786,0.0,750.7875,775.1875,-0.25,-16.7,-22.7
2021-01-06,0.1061923,0.1423461,0.1265184,0.1122807,-8.27771,-7.43729,-6.2925,-3.36604,10,48,-18.0875,66.125,3.375,,23.375,-23.150000000000002,0.05256534910403998,1.6,745.2,769.25,-0.3,-16.9,-21.3
2021-01-07,0.105443,0.141873,0.1263119,0.1117346,-8.6325,-7.62083,-6.34396,-3.46937,10,48,-24.05,59.25,3.25,,29.25,-29.9125,0.03595790699236771,1.2,746.6875,771.275,-0.0875,-22.7,-24.8
2021-01-08,0.1037202,0.1401574,0.1250093,0.1106929,-9.43708,-8.34104,-6.92333,-3.77292,10,48,-22.4625,57.375,3.0,,29.875,-28.6625,0.04543234922544468,0.0,743.8875,768.4625,-0.36250000000000004,-19.4,-26.4
2021-01-09,0.1033091,0.1393256,0.1242708,0.1096603,-9.47875,-8.50333,-7.2025,-4.09479,10,48,-18.6125,59.75,2.5,,29.0,-24.675,0.06154072835833968,0.0,743.4125,767.5625,0.17142857142857143,-15.1,-22.8
2021-01-10,0.1035248,0.1392942,0.1241126,0.1090113,-9.25813,-8.37854,-7.20812,-4.27208,10,48,-15.175,64.875,2.375,,26.75,-20.425,0.06992208843276371,0.0,746.3625,770.275,0.5125000000000001,-11.9,-18.3
2021-01-11,0.1044249,0.1399165,0.1243118,0.1086543,-8.69,-7.965,-6.98792,-4.32313,10,48,-11.0125,62.75,3.5,,26.75,-16.8375,0.10258887622279879,0.0,743.6625,767.1125,-0.975,-6.6,-14.1
2021-01-12,0.1056375,0.1408579,0.1247831,0.1087144,-8.01167,-7.42063,-6.60417,-4.23875,10,48,-9.1875,74.75,2.75,,22.5,-12.8875,0.07972491894765522,0.0,734.425,757.375,-0.8999999999999999,-6.3,-12.6
2021-01-13,0.106962,0.142164,0.1256971,0.1092133,-7.31083,-6.71792,-5.99937,-3.98125,10,48,-14.125,74.0,2.75,,23.375,-17.8625,0.05617695385133718,0.0,737.65,761.0125,1.15,-11.4,-17.9
2021-01-14,0.1062983,0.1417268,0.1256133,0.1093754,-7.65542,-6.96646,-6.07646,-3.90146,10,48,-14.05,62.0,2.25,,25.75,-20.1625,0.08072172973887914,0.5,744.8625000000001,768.5375,0.1625,-10.9,-18.3
2021-01-15,0.1072111,0.142324,0.1258918,0.1094035,-7.15063,-6.58813,-5.88458,-3.89354,10,48,-16.15,82.75,3.125,,15.625,-18.475,0.03038024821981381,13.6,745.0125,768.775,0.65,-12.6,-20.7
2021-01-16,0.1059735,0.1414859,0.1256433,0.1093772,-7.85042,-7.08917,-6.10271,-3.8975,10,48,-19.5875,73.5,3.125,,20.375,-23.275,0.03759973253504495,0.0,748.575,772.9,-0.1875,-16.7,-24.2
2021-01-17,0.1055995,0.1409119,0.1251862,0.1088431,-8.08646,-7.38458,-6.41333,-4.10729,10,48,-15.0875,61.5,4.0,,30.0,-20.925,0.0762682302279128,0.0,742.525,766.375,-0.9125,-12.3,-18.0
2021-01-18,0.1053232,0.1406687,0.1249762,0.1085102,-8.19979,-7.47979,-6.5225,-4.2325,10,48,-20.4625,60.5,2.625,,29.625,-26.2625,0.04855836056421433,0.0,746.0375,770.175,1.375,-18.5,-21.9
2021-01-19,0.1038593,0.1393036,0.1240306,0.108032,-8.98792,-8.14958,-7.01521,-4.45958,10,48,-17.45,49.5,2.375,,29.875,-25.7,0.083366690440174,0.0,749.8375,774.125,-0.375,-14.4,-21.8
2021-01-20,0.1056687,0.1402487,0.1241585,0.1075646,-7.89583,-7.50896,-6.82792,-4.64083,10,48,-4.3875,85.25,5.0,,20.5,-6.55,0.05687999810106094,11.9,743.35,766.4625,-0.45,-0.4,-12.5
2021-01-21,0.1090001,0.1431601,0.1260251,0.108292,-6.22271,-5.97958,-5.65667,-4.20375,10,48,-2.55,98.5,1.75,,4.475,-2.7625,0.00853586944564838,0.5,744.25,766.85,1.2,-0.2,-6.7
2021-01-22,0.1093857,0.1439746,0.1270673,0.1090517,-6.06375,-5.64729,-5.18458,-3.77375,10,48,-9.2375,63.0,1.875,,17.625,-15.4625,0.12735446361885924,0.0,747.825,771.0375,,-3.9,-13.5
2021-01-23,0.1084991,0.1432741,0.1269081,0.109266,-6.56208,-6.01958,-5.34083,-3.675,10,48,-7.7625,70.125,1.875,,14.75,-12.525,0.11740058489385008,0.0,745.7375,768.975,,-1.7,-15.3
2021-01-24,0.1089485,0.1435435,0.1269513,0.1092694,-6.31125,-5.87167,-5.29542,-3.69292,10,48,-4.1,81.375,1.75,,6.55,-7.175,0.10812721291557711,0.0,747.7125,770.625,,2.7,-7.9
2021-01-25,0.1096451,0.1442749,0.1273376,0.1094787,-5.895,-5.51312,-5.03146,-3.58521,10,48,-6.825,92.875,1.25,,2.3375,-7.8375,0.03180745425977792,1.0,746.45,769.525,-0.8571428571428571,-2.9,-12.3
2021-01-26,0.1108842,0.1452924,0.1280115,0.1098803,-5.38312,-5.06167,-4.67854,-3.40771,10,48,-9.175,76.625,3.375,,17.5,-12.7625,0.07612799112264769,6.0,743.2375,766.35,0.024999999999999994,-4.5,-12.5
2021-01-27,0.1104228,0.1451935,0.1282455,0.110187,-5.62312,-5.16292,-4.63042,-3.27417,10,48,-11.675,53.375,3.0,,26.0,-19.7125,0.1214164495611211,0.2,745.2375,768.7,-0.19999999999999998,-8.0,-15.5
2021-01-28,0.1096821,0.1445961,0.1279062,0.1101312,-6.025,-5.47833,-4.82937,-3.30896,10,48,-16.7625,67.5,2.625,,27.375,-21.6875,0.051213648661005265,1.8,743.1125,766.8125,0.275,-10.9,-21.5
2021-01-29,0.1079827,0.1430413,0.127059,0.1097482,-6.92896,-6.23917,-5.34708,-3.51417,10,48,-18.975,53.375,2.875,,28.5,-26.3375,0.06802586568116196,0.0,744.075,768.2875,-0.6625,-14.2,-23.4
2021-01-30,0.1080672,0.142847,0.1266049,0.1092305,-6.84354,-6.31562,-5.55958,-3.78479,10,48,-18.15,84.125,2.375,,13.4,-20.2125,0.02395185656202249,7.5,746.7,770.725,1.2375,-12.2,-22.7
2021-01-31,0.1074405,0.1422858,0.1261558,0.1089338,-7.17812,-6.59521,-5.78,-3.91188,10,48,-11.675,80.75,2.75,,12.75,-14.424999999999999,0.0548680545905722,1.7999999999999998,743.225,766.95,-1.5999999999999999,-3.8,-19.8
2021-02-01,0.1090722,0.1433249,0.1266772,0.1088695,-6.27813,-5.94958,-5.46771,-3.94271,10,48,-16.8125,87.375,3.125,,11.1,-18.4625,0.020022761451172925,12.7,742.6,766.1875,1.2,-7.6,-20.7
2021-02-02,0.1091433,0.1435047,0.1270703,0.1090802,-6.29187,-5.83854,-5.25521,-3.77167,10,48,-20.2,60.25,3.625,,28.5,-26.1,0.05233976184118799,0.2,745.2,769.4875,-0.225,-17.1,-23.9
2021-02-03,0.1085655,0.1431582,0.1268702,0.109068,-6.55812,-6.05542,-5.37979,-3.79125,10,48,-17.8,49.75,3.25,,29.875,-25.8625,0.07888212157215492,0.0,744.05,768.0875,-0.1375,-13.8,-21.2
2021-02-04,0.1083374,0.1429939,0.1266527,0.1089556,-6.63979,-6.15583,-5.49458,-3.87125,10,48,-14.3875,47.375,2.625,,29.125,-23.375,0.11750434988181108,0.0,742.95,766.7625,-0.5375000000000001,-9.2,-21.4
2021-02-05,0.1090854,0.1433796,0.1268185,0.1089281,-6.27333,-5.89646,-5.37667,-3.89021,10,48,-6.15,71.875,2.625,,16.125,-10.6,0.11888310050886933,0.0,735.2625,758.0125,-0.37500000000000006,-0.8,-11.1
2021-02-06,0.1100415,0.1443941,0.1274174,0.109178,-5.67333,-5.37896,-5.0,-3.73,10,48,-10.1375,83.125,2.25,,8.75,-12.6,0.051694190457698595,2.0,740.725,763.825,1.1625,-6.4,-13.3
2021-02-07,0.110004,0.1445593,0.1276919,0.1094901,-5.745,-5.32083,-4.85312,-3.56125,10,48,-15.875,79.375,1.5,,16.75,-18.9875,0.04388274349287093,0.0,747.8875,771.6875,0.4375,-11.7,-19.0
2021-02-08,0.1095807,0.1441454,0.1275334,0.1095184,-6.02083,-5.54146,-4.97208,-3.56042,10,48,-15.9,77.875,1.625,,17.125,-19.0625,0.04501190943087499,0.0,749.075,773.05,-0.17500000000000002,-12.6,-20.7
2021-02-09,0.1096778,0.1441214,0.1274393,0.1093932,-5.96229,-5.56563,-5.03354,-3.63708,10,48,-7.625,67.75,3.125,,17.375,-12.725000000000001,0.11685593178640599,0.0,743.3,766.5875,-0.7125,-2.4,-14.4
2021-02-10,0.1105955,0.1445326,0.1275861,0.1093,-5.27375,-4.9525,-4.6275,-3.42813,10,48,-6.0375,87.75,2.25,,8.1125,-7.8,0.05024578004541866,0.0,742.9875,765.8375,0.3375,-3.1,-7.2
2021-02-11,0.1118148,0.1458913,0.1284323,0.1099137,-4.93437,-4.71958,-4.45563,-3.40792,10,48,1.425,56.25,4.0,,13.125,-6.8125,0.3380922413844812,0.0,740.5625,763.0124999999999,-0.7125,6.3,-5.9
2021-02-12,0.1157135,0.1486351,0.1300617,0.1105487,-3.66813,-3.71729,-3.76667,-3.10458,10,48,0.925,75.375,3.25,,6.975,-3.1875,0.1783598323548336,0.0,744.1375,766.375,0.975,4.4,-4.4
2021-02-13,0.1181633,0.1509963,0.131988,0.1116695,-3.25792,-3.14854,-3.14292,-2.66667,10,48,-2.45,91.25,2.25,,9.4625,-3.7,0.04612075289345766,0.0,745.45,768.0375,-0.05000000000000001,2.4,-6.5
2021-02-14,0.1168864,0.150435,0.1320813,0.1122962,-3.81562,-3.48083,-3.20083,-2.46062,10,48,-9.675,73.125,3.375,,25.625,-13.8125,0.0743226122095954,0.0,745.2125,768.3375,-0.28750000000000003,-6.9,-12.1
2021-02-15,0.1144351,0.1486138,0.1311929,0.11219,-4.7275,-4.19604,-3.64687,-2.52562,10,48,-13.375,56.875,2.125,,29.75,-20.3,0.09769054808599195,0.0,741.025,764.5,-0.45,-10.9,-15.4
2021-02-16,0.1121295,0.1465424,0.1297817,0.1115595,-5.66437,-5.02646,-4.29167,-2.8225,10,48,-15.2875,59.5,2.875,,29.5,-21.575,0.07850597171796997,0.0,740.9875000000001,764.625,0.175,-13.0,-18.0
2021-02-17,0.1116592,0.1457126,0.1288502,0.1107892,-5.84646,-5.33979,-4.70521,-3.16417,10,48,-14.6,65.625,3.625,,25.375,-19.7375,0.06640341920912056,0.2,742.925,766.65,0.275,-12.2,-17.7
2021-02-18,0.1117682,0.1456881,0.1285808,0.1104067,-5.74833,-5.31562,-4.78521,-3.35229,10,48,-10.075,47.5,3.0,,26.375,-19.725,0.16948973967122513,0.2,742.475,765.85,-0.85,-5.6,-16.8
2021-02-19,0.1130167,0.1464926,0.1289117,0.1103389,-5.10562,-4.85979,-4.55146,-3.36542,10,48,-1.0625,47.75,5.25,,16.75,-10.85,0.30950413563947365,0.0,730.2125,752.4875,-1.7,4.7,-6.4
2021-02-20,0.114471,0.1478665,0.1298237,0.1107211,-4.46125,-4.25562,-4.05875,-3.145,10,48,-5.0875,69.125,2.375,,20.25,-10.5125,0.13050219239416289,2.0,733.25,755.65,,-2.6,-7.4
2021-02-21,0.1152928,0.1486735,0.1305529,0.1111764,-4.11167,-3.91729,-3.72875,-2.91708,10,48,-5.2125,75.5,2.5,,20.5,-9.0,0.10945573861130681,0.0,734.6125,757.15,,-1.6,-9.4
2021-02-22,0.114981,0.1486737,0.1307953,0.111554,-4.28937,-3.96417,-3.65208,-2.76542,10,48,-9.175,57.75,3.625,,29.75,-16.2375,0.13051057891093193,0.0,744.9,768.0625,0.7749999999999999,-7.3,-12.4
2021-02-23,0.1136857,0.1470511,0.1296187,0.1114248,-4.83771,-4.34792,-3.80625,-2.67333,10,48,-12.6,50.125,2.625,,30.0,-21.0125,0.12086765643782486,0.0,749.7875,773.45,0.1625,-9.3,-15.8
2021-02-24,0.120459,0.1434285,0.121903,0.1105984,-3.05208,-2.78875,-2.5075,-1.77979,10,48,-5.2625,39.5,3.0,,19.875,-17.175,0.27180952871409825,0.0,746.6625,769.8375,-0.525,-0.1,-11.5
2021-02-25,0.1220595,0.1444741,0.1223064,0.1104419,-2.66,-2.49375,-2.36,-1.80958,10,48,-7.5125,54.25,2.25,,25.875,-15.525,0.1674859634300967,0.0,749.0,772.1125,0.525,-5.2,-10.8
2021-02-26,0.1223967,0.1447687,0.1224989,0.1105835,-2.62417,-2.45417,-2.31333,-1.76896,10,48,-3.8499999999999996,48.25,2.125,,16.5,-13.675,0.2570452521035295,0.0,748.7125,771.7,-0.08750000000000001,0.3,-8.6
2021-02-27,0.1380029,0.1501807,0.1245635,0.1116566,-1.64104,-1.7075,-1.85375,-1.61375,10,48,4.814285714285714,34.285714285714285,5.0,,10.428571428571429,-10.057142857142859,0.607580713078152,0.0,743.842857142857,766.0714285714286,-0.6833333333333335,9.1,-3.1
2021-02-28,0.1634306,0.1661706,0.1320219,0.1144273,-0.23167,-0.36875,-0.81333,-1.15979,10,48,-3.175,75.125,3.0,,16.275,-7.3875,0.14747967413788915,12.6,748.3,770.8375,1.275,4.6,-9.5
2021-03-01,0.1511248,0.1638128,0.132499,0.1158298,-0.84979,-0.67813,-0.80437,-0.91708,10,48,-10.2375,47.875,2.875,,30.0,-19.425,0.1496132714950127,0.5,751.5749999999999,775.0375,-0.5428571428571428,-8.2,-13.7
2021-03-02,0.1407205,0.1550798,0.1293928,0.1156555,-1.89292,-1.58625,-1.36021,-0.985,10,48,-7.8,44.0,1.75,,25.0,-18.7,0.220916552510236,0.0,747.675,771.0375,-0.55,-2.7,-15.6
2021-03-03,0.1410274,0.1533934,0.1276184,0.1147283,-1.78333,-1.685,-1.59562,-1.15062,10,48,1.025,63.125,4.25,,11.375,-5.4875,0.23056879711747508,0.0,739.9625,762.35,-0.6875,4.3,-4.5
2021-03-04,0.1628854,0.1763225,0.1377055,0.1239251,-0.57292,-0.63646,-0.81375,-0.80667,10,48,5.699999999999999,61.375,5.375,,10.375,-1.3125,0.3672240169056554,0.0,737.5625,759.3625000000001,-0.10000000000000002,9.2,2.9
2021-03-05,0.1893715,0.2034596,0.1526413,0.1379278,-0.15021,-0.08146,-0.15813,-0.27167,10,48,-8.2125,62.875,4.0,,25.25,-14.337499999999999,0.1132807765034306,8.6,750.85,773.8,2.3,3.2,-12.3
2021-03-06,0.1600762,0.1823109,0.1470363,0.1362782,-1.38625,-0.91104,-0.65521,-0.39208,10,48,-10.5125,51.75,1.75,,26.5,-19.15,0.14579989960251818,0.0,755.9125,779.6875,-0.55,-7.0,-16.4
2021-03-07,0.1547973,0.1705727,0.1402507,0.1331459,-1.76396,-1.4975,-1.15208,-0.59708,10,48,-4.175,41.625,3.125,,18.875,-15.525,0.28690549856599984,0.0,749.3125,772.425,-0.475,1.3,-11.0
2021-03-08,0.1612968,0.1743842,0.140557,0.1315898,-1.0725,-1.03167,-0.98771,-0.60333,10,48,2.3375000000000004,36.25,3.25,,9.875,-11.5,0.48079293919989224,0.0,745.8375,768.2125,-0.75,6.7,-2.9
2021-03-09,0.1754953,0.1850212,0.1446944,0.1322385,-0.25417,-0.31563,-0.4875,-0.46917,10,48,1.575,49.25,4.625,,10.75,-8.725,0.37249539566629436,0.0,745.2,767.425,0.9,5.6,-4.1
2021-03-10,0.198623,0.1900356,0.1470709,0.1328931,-0.14271,-0.18604,-0.33896,-0.43562,10,48,3.75,50.625,2.75,,11.875,-6.9625,0.4444338045099422,0.0,746.125,768.45,-0.7875,9.7,-5.0
2021-03-11,0.2497511,0.218886,0.1580288,0.1481181,0.07729,-0.00896,-0.14458,-0.27625,10,48,4.2,74.75,1.875,,5.475,-0.525,0.24109306755461865,0.0,746.6875,768.7875,0.55,9.1,0.0
2021-03-12,0.2814034,0.2537728,0.178989,0.1840152,0.2816,0.1156,-0.0236,-0.0638,10,48,3.225,72.875,1.875,,7.0625,-1.525,0.24756138308070913,0.0,747.6875,769.925,-0.2,8.9,-1.9
2021-03-13,0.2894009,0.2660011,0.1880082,0.2080677,0.59313,0.28271,0.01375,0.03354,10,48,3.8125,61.375,1.5,,9.875,-4.175,0.3754526970609604,0.0,744.15,766.2875,-0.4875,9.1,-2.1
2021-03-14,0.3118487,0.2908762,0.1946996,0.2086414,0.90208,0.50438,0.04646,0.09375,10,48,7.3875,53.875,2.75,,7.25,-1.55,0.5065875076570154,0.0,740.05,761.8625,-0.8500000000000001,12.0,2.1
2021-03-15,0.3234411,0.302197,0.2066858,0.2086107,0.63333,0.42604,0.08167,0.13354,10,48,3.5375,53.375,5.125,,8.375,-5.7125,0.36702463770437443,1.6,734.525,756.2,0.16249999999999998,8.3,-1.0
2021-03-16,0.2717385,0.2914946,0.2130484,0.2020246,0.15958,0.24083,0.09792,0.1525,10,48,-1.4500000000000002,40.125,3.625,,16.5,-14.1125,0.34809144505144024,0.0,742.1375,764.5625,1.1,2.0,-5.2
2021-03-17,0.2348745,0.2826906,0.2151116,0.1993125,0.06917,0.20688,0.09917,0.15979,10,48,0.5375,38.75,1.5,,17.75,-13.2125,0.4397064498693674,0.0,746.2125,768.7,0.2875,6.5,-5.5
2021-03-18,0.227298,0.2790957,0.2164815,0.1975174,0.21354,0.2425,0.09729,0.16188,10,48,1.1375,51.375,1.5,,14.125,-8.85,0.3836065823843549,0.0,746.8125,769.275,-0.18571428571428572,7.1,-6.1
2021-03-19,0.2277792,0.2784961,0.217208,0.196106,0.465,0.36313,0.11292,0.16375,10,48,2.8625,52.5,2.125,,14.375,-6.6,0.40427280016335837,0.0,744.6625,766.9,-0.525,8.0,-4.9
2021-03-20,0.2365261,0.2823311,0.219317,0.1953048,0.51292,0.385,0.12333,0.17271,10,48,1.4,84.375,2.375,,7.1125,-1.3499999999999999,0.1114142528976786,13.7,737.45,759.475,-0.8875,2.5,-0.1
2021-03-21,0.2430526,0.2860498,0.2222908,0.1952487,0.22125,0.25771,0.12417,0.17417,10,48,-0.3625,82.625,3.75,,10.05,-3.2875,0.11158740704333397,17.4,737.475,759.7375,0.5125,1.7,-1.7
2021-03-22,0.2515372,0.2879474,0.2234621,0.195469,0.6075,0.43979,0.14938,0.17771,10,48,2.8125,54.25,3.25,,15.75,-6.2625,0.39464921779835943,0.0,737.6625,759.8,-0.7124999999999999,7.4,-3.9
2021-03-23,0.2623535,0.2939406,0.2296369,0.1982621,1.51354,0.90292,0.24938,0.18188,10,48,7.8125,46.625,3.75,,9.75,-3.1625,0.5931790321306021,0.0,734.4875,756.0625,0.26249999999999996,12.3,3.3
2021-03-24,0.2730283,0.3000105,0.2362604,0.1980793,1.84958,1.19563,0.385,0.18813,10,48,7.075,48.125,2.625,,11.25,-4.0125,0.5797256667306382,0.0,739.9,761.5875,0.6,12.6,2.5
2021-03-25,0.2832575,0.3059463,0.2375782,0.1972814,2.25292,1.42563,0.51167,0.18958,10,48,9.1,41.25,3.5,,11.75,-4.2125,0.7185166689734221,0.0,739.975,761.5875,0.5857142857142856,14.5,5.9
2021-03-26,0.2734448,0.316136,0.2435098,0.1974667,2.29187,1.36813,0.62188,0.19604,10,48,9.6125,56.375,3.25,,10.0,0.4125000000000001,0.607113990654926,0.30000000000000004,739.875,761.45,-0.8875,15.9,1.2
2021-03-27,0.2675321,0.322477,0.2530614,0.1986724,5.06125,3.115,1.37083,0.20021,10,48,10.9625,64.375,3.75,,8.25,4.3375,0.4923360077144177,0.1,734.175,755.425,-0.675,15.2,7.6
2021-03-28,0.2631053,0.3175642,0.2666215,0.2021453,4.18833,3.02667,1.52438,0.21333,10,48,7.1,77.75,3.375,,8.075,3.4,0.22437396598885195,0.0,727.275,748.5375,-0.47500000000000003,9.1,4.2
2021-03-29,0.2593737,0.3140476,0.2711462,0.2050645,2.12083,1.84187,1.12354,0.21938,10,48,5.875,53.0,4.625,,11.375,-3.45,0.45965652608049606,0.0,729.5875,751.1125,0.7375,9.6,2.4
2021-03-30,0.2576659,0.3123158,0.2726571,0.2074757,3.87646,2.87062,1.39021,0.23063,10,48,6.925,53.375,1.875,,11.5,-3.35,0.5499052159703692,0.0,736.7375,758.425,0.6,11.9,0.1
2021-03-31,0.2531164,0.3094953,0.2764527,0.2098644,3.66812,2.88604,1.58604,0.24542,10,48,10.75,37.0,3.375,,11.375,-4.1625000000000005,0.8817692164246949,0.0,740.425,761.9625,0.6875,16.8,5.2
2021-04-01,0.2512156,0.3080573,0.2768653,0.2113797,4.39333,3.45979,1.92292,0.27417,10,48,12.0125,40.125,2.375,,12.0,-2.1,0.9325325142559142,0.0,744.125,765.625,-0.17500000000000004,17.7,3.8
2021-04-02,0.2497619,0.3069527,0.2761764,0.2125639,5.48208,4.38458,2.53042,0.33417,10,48,13.9,40.0,3.875,,10.375,0.17500000000000004,0.9776575590532564,0.0,742.0,763.2375,0.21250000000000002,16.4,9.9
2021-04-03,0.2454169,0.3043142,0.2750729,0.2135895,4.05271,3.75104,2.60563,0.40979,10,48,5.9,30.375,3.375,,13.25,-10.925,0.6617693271710209,0.0,746.7,768.5625,0.375,8.6,0.7
2021-04-04,0.237492,0.3005083,0.2729922,0.2144938,2.85313,2.56312,1.87979,0.42604,10,48,5.8625,30.75,1.75,,13.0,-11.7875,0.7350274312535872,0.0,745.0875,767.1625,-0.3875,11.5,-4.2
2021-04-05,0.2388272,0.3002216,0.2722344,0.2164911,4.29208,3.48812,2.23271,0.465,10,48,12.5125,25.75,4.25,,12.0,-7.449999999999999,1.1669272745548849,0.0,740.8,762.225,-0.42500000000000004,19.1,5.7
2021-04-06,0.2360557,0.2986059,0.2715404,0.2201136,4.105,3.71271,2.6975,0.58563,10,48,7.625,35.875,3.375,,12.0,-8.9125,0.7571318489522332,0.0,742.8375,764.4875,0.4625,13.4,0.8
2021-04-07,0.2317351,0.2963358,0.2703755,0.2225359,2.88625,2.76396,2.26333,0.65542,10,48,3.4625000000000004,24.625,3.5,,12.125,-15.9375,0.6149268116828297,0.0,746.45,768.5875,-0.07500000000000001,6.9,-1.7
2021-04-08,0.230112,0.2951683,0.2693361,0.2212021,2.57667,2.47688,2.01875,0.68042,10,48,3.15,28.125,2.75,,9.3125,-14.762500000000001,0.5851647551341426,0.0,745.9125,768.1,0.45,7.8,-1.4
2021-04-09,0.2259852,0.2933653,0.2682438,0.2207989,2.7825,2.43229,1.84875,0.67708,10,48,5.8875,27.25,1.625,,8.875,-13.15,0.7657133808558801,0.0,748.5,770.75,0.15,12.3,-3.5
2021-04-10,0.2311326,0.2947457,0.267966,0.2208847,4.39292,3.525,2.38708,0.76542,10,48,12.9,25.375,3.5,,9.0,-6.7625,1.153304964804693,0.0,746.1125,767.7125,-0.45,18.5,6.3
2021-04-11,0.2346872,0.2970345,0.2684715,0.221881,7.19229,5.89958,3.97229,1.12396,10,48,14.5875,37.5,5.25,,9.375,0.12499999999999997,1.0617140337509916,0.0,744.2,765.5,-0.15,18.8,10.8
2021-04-12,0.2369949,0.2977834,0.2689679,0.2247049,6.46292,6.09146,4.75625,1.61812,10,48,8.9375,56.0,5.0,,10.575,-1.1625,0.6604294278332343,18.0,739.9125,761.3125,-0.26250000000000007,16.2,-1.7
2021-04-13,0.2409416,0.299395,0.2688037,0.228664,3.2375,3.44729,3.22188,1.58583,10,48,0.4125,50.0,3.625,,16.625,-10.175,0.3532396732318281,12.3,740.6875,762.9375,-0.4125,3.7,-4.7
2021-04-14,0.2387353,0.2981841,0.2683306,0.2297309,3.51146,3.17125,2.58833,1.30208,10,48,4.9125,31.625,3.375,,13.625,-11.825,0.6301126658027727,0.0,737.7125,759.6625,-0.07499999999999998,9.3,0.6
2021-04-15,0.2365956,0.2969123,0.2678274,0.2295561,4.32604,3.63292,2.74479,1.31479,10,48,12.5,26.125,3.875,,11.5,-6.55,1.1245388010872404,0.0,734.125,755.4625,-0.575,18.8,5.4
2021-04-16,0.2370605,0.2965112,0.2678104,0.2295758,4.46438,4.23271,3.42396,1.57,10,48,6.1375,53.25,6.25,,10.75,-3.3875,0.4598718573229992,3.7,731.15,752.5625,0.0875,9.0,4.0
2021-04-17,0.2455326,0.2976498,0.267579,0.22896,3.91812,3.68875,3.03333,1.57708,10,48,3.55,72.75,1.875,,9.0,-1.1500000000000001,0.21884946951929637,0.8,737.8875,759.8,0.9375,6.1,0.2
2021-04-18,0.2453947,0.2975138,0.2674091,0.2285126,4.89854,4.09021,3.04479,1.51479,10,48,8.175,55.25,2.625,,10.125,-2.1375,0.6340984017775796,0.30000000000000004,738.225,760.0125,-0.875,15.0,-1.5
2021-04-19,0.2452729,0.2982676,0.267805,0.2283666,7.20854,6.07604,4.43792,1.91812,10,48,13.575,31.25,3.125,,10.0,-3.5,1.1315536319957713,0.0,735.6625,756.8375,0.975,20.8,8.7
2021-04-20,0.2426669,0.2971107,0.2674422,0.2283643,6.74563,6.13875,5.02125,2.53417,10,48,11.225,25.875,1.75,,11.125,-9.3375,1.0789400003785283,0.0,743.8125,765.3375,0.12499999999999997,16.3,1.4
2021-04-21,0.2403987,0.2990058,0.2619654,0.2294775,6.53333,5.60604,4.42792,2.33417,10,48,18.6875,26.0,4.125,,10.125,-1.6875,1.6942175438258824,0.0,741.4875,762.5625,-0.07500000000000001,25.5,11.6
2021-04-22,0.231937,0.304872,0.2468913,0.2338725,5.30271,4.75792,3.79958,1.94583,10,48,17.1,34.0,3.5,,12.125,0.575,1.3157090037507755,0.5,742.7125,763.7,0.15000000000000002,22.3,13.8
2021-04-23,0.2327545,0.3045354,0.2466301,0.2336968,5.32813,4.87583,4.03208,2.31208,10,48,11.6125,76.375,1.125,,8.25,7.4,0.32433714208526165,4.7,747.0375,768.525,0.575,12.8,10.5
2021-04-24,0.2310498,0.3033783,0.245905,0.2330249,4.36583,4.31563,3.84125,2.47042,10,48,7.3125,58.5,3.0,,10.025,-1.825,0.4418034629020752,0.0,749.225,771.15,0.2125,11.4,1.2
2021-04-25,0.2286421,0.3024797,0.2448523,0.2318861,4.45396,4.08042,3.47646,2.35396,10,48,9.9375,30.875,1.875,,12.0,-8.925,1.0179635275205787,0.0,747.325,769.2375,-0.6,17.1,-1.5
2021-04-26,0.2266398,0.3023333,0.2449333,0.2313789,5.22167,4.71271,3.91667,2.49854,10,48,15.6125,22.125,3.75,,11.625,-7.4,1.4809691376370124,0.0,739.7125,760.8874999999999,-1.0125,21.2,8.3
2021-04-27,0.2245622,0.3017448,0.2450425,0.2312528,5.56271,5.18937,4.42021,2.82813,10,48,12.15,63.5,3.875,,8.75,5.0625,0.5446595787087503,2.9,734.9,755.9625,-0.3125,15.8,9.9
2021-04-28,0.2217882,0.2995854,0.2437848,0.2306384,4.57792,4.55438,4.13937,2.95625,10,48,10.1125,33.0,4.5,,12.375,-7.225,0.8618421827063779,1.2,734.4875,755.825,0.0,12.8,6.9
2021-04-29,0.2206263,0.2983352,0.2427528,0.2296043,4.55,4.33437,3.87104,2.87854,10,48,10.5625,49.875,3.0,,11.125,-1.6875,0.7188132733595656,5.2,730.6374999999999,751.8,-0.3875,15.7,6.4
2021-04-30,0.225353,0.2983086,0.2422482,0.2286907,3.84646,3.88146,3.64167,2.85229,10,48,6.8625,71.5,2.0,,11.5,1.625,0.31613016076774325,7.5,733.1,754.625,0.425,10.6,4.0
2021-05-01,0.2264093,0.300121,0.2421452,0.2276994,4.54917,4.15708,3.53458,2.69271,10,48,9.175,55.875,2.25,,11.5,-0.2375,0.5974179079430383,0.0,736.075,757.6125,0.5625,14.0,2.0
2021-05-02,0.2257557,0.301233,0.2428881,0.2276477,5.47208,5.00312,4.17958,2.91646,10,48,11.5375,54.0,1.875,,10.5,1.225,0.7646319014856331,0.0,739.7375,761.225,-0.11249999999999998,17.3,2.2
2021-05-03,0.2225899,0.3001734,0.2428017,0.2277584,5.65188,5.26,4.57104,3.29563,10,48,15.75,33.875,4.125,,11.75,-0.4875,1.2328807624690756,0.0,734.4125,755.375,-0.575,20.2,10.8
2021-05-04,0.2203015,0.2998227,0.2427909,0.2276554,6.17021,5.7825,5.00542,3.60708,10,48,12.475,53.125,4.25,,12.25,2.7,0.7094849965258766,0.4,732.6125,753.625,-0.2875,15.6,9.6
2021-05-05,0.2159215,0.2972913,0.2416613,0.2272092,5.435,5.31687,4.87,3.82917,10,48,12.7125,39.0,4.75,,12.25,-1.4625,0.9311494576100999,0.0,729.675,750.725,0.012500000000000011,16.9,9.2
2021-05-06,0.2159072,0.2977012,0.2412343,0.226409,6.45458,5.83125,5.01021,3.88354,10,48,18.1875,31.375,4.125,,11.0,-0.29999999999999993,1.587034915035958,0.0,729.05,749.7625,-0.2625,25.5,10.5
2021-05-07,0.2134746,0.2967182,0.2415698,0.2266242,6.22208,6.13792,5.60563,4.28667,10,48,10.725,70.5,3.5,,10.625,5.45,0.39144744563477446,12.1,725.8625,746.725,-0.4375,12.6,9.0
2021-05-08,0.222936,0.2951496,0.2399392,0.2256623,4.85479,5.03479,4.93271,4.31292,10,48,7.3125,81.0,5.625,,11.225,4.1499999999999995,0.204239075321534,24.1,724.0125,745.1875,0.39999999999999997,9.4,5.8
2021-05-09,0.2423711,0.3052104,0.2413846,0.2249803,5.46146,5.1625,4.70312,4.07958,10,48,10.25,59.375,3.125,,13.5,1.5374999999999999,0.6106317661815293,0.8,733.75,755.2125,0.95,16.1,4.5
2021-05-10,0.2334828,0.3035818,0.2403113,0.2178843,3.44313,3.58062,3.42146,2.97313,10,48,12.75,49.625,2.375,,12.375,1.15,0.8825422717021928,0.4,737.9125,759.225,0.35,18.4,3.7
2021-05-11,0.250643,0.3055262,0.2561226,0.2138479,5.94298,5.57229,4.75173,3.85216,10,48,16.849999999999998,44.25,3.0,,11.5,2.2375,1.2842884890209492,0.2,737.4375,758.475,-0.7,22.4,7.4
2021-05-12,0.2549049,0.3040446,0.268123,0.2148017,9.15021,8.57458,7.41771,5.77792,10,48,17.75,37.0,5.0,,12.625,0.8250000000000002,1.3638123743630413,1.2,734.25,755.0125,0.2,22.1,13.8
2021-05-13,0.2469839,0.302155,0.2670791,0.2152189,9.28542,8.76646,7.61854,6.09583,10,48,18.75,52.625,3.0,,9.875,7.6625,1.1444471526865199,0.0,736.675,757.475,0.18750000000000006,23.6,13.2
2021-05-14,0.2422897,0.3011006,0.2683673,0.2155347,10.36146,9.81521,8.69396,6.86,10,48,20.3125,58.0,3.125,,10.375,11.6375,1.0562600413712822,0.0,734.5125,755.15,-0.525,24.7,14.6
2021-05-15,0.2391293,0.2985041,0.2678961,0.2155064,9.51125,9.52146,8.9,7.37833,10,48,13.025,67.25,2.625,,11.575,6.65,0.5091472839647434,2.8,736.3125,757.3,0.625,19.1,7.4
2021-05-16,0.239341,0.2986904,0.2668658,0.2143472,10.26896,9.7025,8.66667,7.31417,10,48,14.9625,42.5,1.125,,11.875,-0.03749999999999991,1.1882256011849663,0.0,734.9875,756.0625,-0.55,22.9,7.6
2021-05-17,0.2360339,0.2991369,0.2677791,0.2145433,11.48667,10.81979,9.53729,7.71271,10,48,20.3,31.285714285714285,2.7142857142857144,,12.571428571428571,0.4714285714285714,1.858207642517573,0.0,732.9142857142857,753.5428571428572,0.19999999999999998,27.1,12.4
2021-05-18,0.2317737,0.2990565,0.268711,0.2150914,12.54479,11.82208,10.44542,8.33104,10,48,24.7625,21.25,4.0,,12.875,0.6,2.5884344567662585,0.0,730.9875,751.225,-0.3,31.1,17.8
2021-05-19,0.228535,0.2999081,0.2699987,0.215756,14.04021,13.17083,11.51229,9.025,10,48,24.3875,31.75,4.875,,12.125,6.1125,2.184714301522302,0.0,731.55,751.775,0.25,30.0,18.9
2021-05-20,0.2233634,0.298711,0.2705586,0.2168641,14.40229,13.72708,12.26167,9.77188,10,48,23.3625,41.75,4.125,,11.5,9.4,1.732248444772941,0.0,732.0875,752.35,-0.012500000000000011,27.4,19.5
2021-05-21,0.2192748,0.2972806,0.2702498,0.2168564,14.54333,13.92104,12.56792,10.25271,10,48,22.7375,44.0,3.375,,10.625,8.737499999999999,1.734292033631022,0.0,732.2375,752.6375,0.012499999999999983,29.0,15.5
2021-05-22,0.215342,0.2961916,0.2701997,0.2168158,14.85146,14.25833,12.95917,10.66729,10,48,24.8375,46.25,3.875,,9.125,11.375,1.87672427718034,0.0,731.875,752.1125,-0.12500000000000003,31.3,18.0
2021-05-23,0.2067391,0.2899224,0.2680437,0.2164996,11.93292,12.54813,12.44146,10.95979,10,48,16.025,69.0,3.875,,9.375,9.5875,0.68375516504368,24.0,732.5,753.0625,0.1625,21.8,11.2
2021-05-24,0.2153219,0.2897871,0.2598585,0.2160904,10.38187,11.05604,11.4475,11.38458,10,48,12.25,54.375,4.25,,10.625,2.3875,0.6906861399267041,4.4,730.8125,751.9375,-0.375,15.6,8.4
2021-05-25,0.2217799,0.293039,0.2558096,0.2151678,12.36333,12.4325,12.31167,12.2675,10,48,14.5,34.375,2.875,,13.0,-3.5999999999999996,1.2441031465211578,0.0,729.1875,750.175,-0.012500000000000008,19.6,6.0
2021-05-26,0.2242344,0.2959549,0.2569433,0.2143602,14.75458,14.27375,13.19146,12.01896,10,48,15.625,40.625,3.375,,12.875,0.8374999999999999,1.115058081291234,0.0,729.525,750.3,0.075,19.8,11.1
2021-05-27,0.2257299,0.2904156,0.2585461,0.2117115,14.78173,14.47635,13.51788,12.0025,10,48,16.6125,45.125,2.125,,12.25,3.0,1.183374818227915,0.0,728.3625,749.15,-0.275,21.8,9.5
2021-05-28,0.2240378,0.2848886,0.2585271,0.2097537,16.43083,16.37146,15.73771,14.22833,10,48,15.5375,57.375,2.125,,12.5,6.8875,0.7760285266274893,0.0,728.825,749.5625,0.19999999999999996,18.9,12.9
2021-05-29,0.2226095,0.2838693,0.2566856,0.2105786,16.49175,16.16722,15.05608,13.55794,10,48,15.6875,54.625,2.0,,11.5,4.6,1.0174396970995692,0.0,731.7375,752.625,0.4625,22.7,8.0
2021-05-30,0.2125564,0.2790195,0.2554006,0.2149617,18.54208,18.34021,17.27958,15.33188,10,48,17.4125,52.375,2.5,,12.0,7.2,0.9892196695190842,1.2000000000000002,734.2,755.0,0.21428571428571427,21.6,13.5
2021-05-31,0.2112511,0.2803741,0.2547755,0.2151126,19.82,19.10792,17.33438,14.94729,10,48,21.0,43.25,2.625,,12.75,7.0125,1.555439791261148,0.4,735.0375,755.6875,-0.25,25.9,13.6
2021-06-01,0.2078038,0.2769386,0.2559351,0.2149649,19.35312,19.61437,18.97042,16.83708,10,48,17.3,64.0,3.0,,11.05,9.125,0.8194602764953738,23.6,735.1125,755.8375,0.4625,23.1,11.3
2021-06-02,0.2253619,0.2777233,0.2533471,0.2134055,16.37625,16.92375,17.16729,16.54417,10,48,14.225,92.25,3.0,,5.875,12.9,0.1197896537581058,256.0,733.8625,754.8125,-0.6875,16.0,13.2
2021-06-03,0.2709721,0.2982799,0.2572769,0.2123401,15.30021,15.72875,15.83271,15.65812,10,48,13.55,78.5,3.5,,10.625,9.6625,0.3492074266985041,95.2,728.5625,749.45,-0.6875,15.7,12.3
2021-06-04,0.2636543,0.2958344,0.2568608,0.2129283,14.44333,14.50979,14.20917,14.00396,10,48,14.1375,83.0,2.75,,10.5,11.1,0.3073549989929088,2.6,723.2,743.95,-0.575,18.5,10.3
2021-06-05,0.2616929,0.2932954,0.2583893,0.2128619,16.01688,16.02208,15.54687,14.81542,10,48,14.8375,81.875,2.75,,11.625,11.5375,0.3369896564258449,34.7,724.3875,745.125,0.8625,17.9,12.4
2021-06-06,0.2564847,0.2932942,0.2563004,0.2139054,15.52563,15.32812,14.42521,13.2625,10,48,16.55,76.875,2.0,,12.75,12.025,0.5034947982736238,0.0,732.6625,753.525,0.9875,21.5,12.8
2021-06-07,0.2522103,0.2927851,0.2575418,0.2144826,18.84583,17.90375,16.01437,13.84854,10,48,18.7375,66.0,1.125,,11.125,11.225,0.9101362930991008,32.0,738.125,758.9875,0.36250000000000004,24.5,11.7
2021-06-08,0.246744,0.2916279,0.2593109,0.2159714,20.85333,20.14,18.29646,15.20833,10,48,22.125,52.0,2.375,,13.75,11.075,1.4203881547590684,0.0,739.3375,760.025,-0.03333333333333333,27.2,13.8
2021-06-09,0.2403992,0.2887818,0.2599427,0.216696,21.65875,21.24292,19.82333,16.84333,10,48,23.025,63.125,2.75,,10.875,15.6,1.0488578274724443,0.0,737.85,758.35,-0.04999999999999999,25.1,20.2
2021-06-10,0.2349276,0.2846393,0.2595593,0.2162958,21.08229,21.16167,20.485,18.23938,10,48,20.275,86.125,2.25,,8.7875,17.8,0.34130759461699367,31.0,735.8375,756.3875,-0.31428571428571433,21.6,18.9
2021-06-11,0.2375693,0.2858601,0.2547589,0.2164538,18.91521,18.38167,17.17062,15.33708,10,48,22.0875,76.25,2.5,,9.125,17.3875,0.7058058294204395,0.0,734.45,754.9875,0.125,25.9,18.1
2021-06-12,0.2394498,0.2889558,0.2576241,0.2169346,21.95104,21.23167,19.37042,16.32583,10,48,25.6125,61.0,3.875,,9.0625,16.7875,1.4282959655081917,0.0,735.425,755.7375,-0.042857142857142864,30.1,20.4
2021-06-13,0.2351882,0.2876107,0.2606601,0.2170805,24.75792,24.12,22.40937,19.09562,10,48,22.837500000000002,70.375,3.0,,9.25,17.075,0.8399095322290888,2.8,733.7375,754.0875,-0.3125,25.5,20.6
2021-06-14,0.2287966,0.2854545,0.2596303,0.2172777,23.7825,23.49812,22.25833,19.39438,10,48,22.349999999999998,68.625,3.125,,11.0,16.2625,0.855476530794873,0.0,731.6,751.9875,-0.325,23.9,19.9
2021-06-15,0.223486,0.2812158,0.2583209,0.216327,22.58771,22.68458,22.135,20.27937,10,48,20.9125,75.125,2.875,,10.125,16.3125,0.6180799700958157,0.0,731.7375,752.175,0.3625,22.8,18.4
2021-06-16,0.2238999,0.282849,0.2553039,0.2160612,21.77917,21.29708,19.95104,17.83896,10,48,23.5375,67.625,3.0,,9.5,16.875,1.0084733558983123,0.0,732.425,752.7875,-0.325,26.7,19.3
2021-06-17,0.2450107,0.2873591,0.2545024,0.2166598,19.05625,19.45229,19.04833,17.32688,10,48,19.7375,74.75,3.625,,11.2875,14.5125,0.6609594998236542,71.4,729.175,749.575,-0.3625,23.2,13.8
2021-06-18,0.2560803,0.2891853,0.2566826,0.2149182,19.40479,19.79771,19.68625,18.86917,10,48,18.025,66.875,4.125,,14.5,11.262500000000001,0.7711030262095955,11.9,725.575,746.0875,-0.21250000000000002,24.1,13.2
2021-06-19,0.2494446,0.2887946,0.2563422,0.2144368,20.79896,20.38542,19.32333,17.94854,10,48,19.675,61.75,3.125,,14.875,11.6875,0.9479676356547742,3.4,725.8375,746.2625,0.18750000000000003,23.9,16.5
2021-06-20,0.2460581,0.2864068,0.2555926,0.2148283,19.775,19.8125,19.21333,17.64062,10,48,17.6625,82.25,1.875,,12.0,14.475,0.3852829320325744,17.7,729.2375,749.8625,0.4875,22.4,15.3
2021-06-21,0.24452,0.2852029,0.256118,0.2140604,21.35583,21.05354,20.17479,18.68021,10,48,17.5125,88.25,1.875,,9.4625,15.4125,0.2722582592156446,4.1,733.3375,754.1,0.47500000000000003,22.3,14.0
2021-06-22,0.2404702,0.285619,0.2542809,0.2146063,21.07208,20.63833,19.37479,17.43479,10,48,19.6625,68.625,2.375,,12.5,12.95,0.8423635954625135,0.0,736.525,757.25,0.3125,24.2,15.1
2021-06-23,0.2346835,0.2862741,0.2481376,0.216799,18.17396,17.8575,16.73042,14.60437,10,48,20.675,64.0,1.625,,12.25,12.325,1.1014039486704554,0.0,737.475,758.175,-0.012499999999999997,26.7,13.4
2021-06-24,0.2286416,0.2839874,0.2487877,0.216858,20.11062,19.85875,18.615,16.12167,10,48,22.3125,60.375,1.75,,12.125,13.225,1.2608118017780399,0.0,736.35,756.875,-0.1625,27.6,15.9
2021-06-25,0.2205361,0.2808372,0.2468292,0.2167047,20.44396,20.19979,19.04458,16.59021,10,48,23.65,58.0,2.375,,11.375,14.225,1.3655213042460246,0.0,734.9375,755.35,-0.16249999999999998,28.2,16.7
2021-06-26,0.2129183,0.2752818,0.249213,0.2146415,23.77521,23.56958,22.44208,20.10104,10,48,20.2375,83.5,2.25,,10.1625,17.2375,0.4057776487424236,3.0,734.975,755.5125,0.11250000000000002,22.9,17.2
2021-06-27,0.2061901,0.2703953,0.2478842,0.2131971,23.20646,23.26063,22.74771,21.08104,10,48,20.7125,87.375,2.125,,9.75,18.45,0.33577984746854467,6.3,735.3125,755.95,-0.07500000000000001,23.8,18.3
2021-06-28,0.2060998,0.2713476,0.2429854,0.2124206,22.16958,21.50604,20.14625,18.39042,10,48,22.6,76.0,1.5,,6.825,17.7375,0.746535300388989,5.5,733.8375,754.3375,-0.2,26.9,17.6
2021-06-29,0.2003962,0.2700382,0.2413714,0.2119951,22.19646,21.84563,20.60063,18.27437,10,48,22.9875,78.625,1.5,,7.625,18.5875,0.7137537461679515,0.5,732.5375,752.9,-0.1625,27.6,18.8
2021-06-30,0.1949896,0.2673771,0.2390335,0.211035,22.19188,21.82896,20.67437,18.35458,10,48,22.625,84.0,1.125,,5.95,19.6875,0.46360858606924604,18.0,732.3875,752.75,-0.012500000000000011,26.4,20.1
2021-07-01,0.2077365,0.2627022,0.2399347,0.2087805,24.26667,24.16625,23.40125,21.39937,10,48,24.1375,77.875,2.875,,6.725,19.7125,0.7476961935971008,27.0,732.4125,752.725,0.2625,28.1,19.7
2021-07-02,0.2168589,0.263107,0.2361371,0.2075106,22.60125,22.45063,21.48771,19.52396,10,48,25.35,74.0,2.5,,6.875,20.175,0.8949543354031327,0.0,734.85,755.1,0.26249999999999996,28.5,22.2
2021-07-03,0.2122389,0.2665125,0.227335,0.2082782,17.695,17.36417,16.61292,15.08312,10,48,24.925,72.5,1.875,,6.875,19.275,0.9586511883843609,1.0,735.1125,755.3875,-0.25,28.1,20.0
2021-07-04,0.2096043,0.2589366,0.2312795,0.205087,20.36167,20.76208,20.78187,19.64708,10,48,19.9625,93.0,1.625,,6.0,18.7375,0.17554464802190278,25.3,732.9125,753.4,-0.1625,22.4,18.9
2021-07-05,0.2134602,0.2581706,0.2316412,0.2024383,22.81542,22.56167,22.01146,21.01125,10,48,21.9,84.125,2.25,,7.375,18.8375,0.48265610347729876,0.7,734.1375,754.6875,0.22500000000000003,25.8,18.9
2021-07-06,0.2086366,0.2622405,0.2196353,0.2048768,14.8025,14.73896,14.33333,13.43,10,48,22.225,89.125,1.875,,6.225,20.225,0.328215084648863,6.2,733.975,754.4125,-0.0875,26.6,19.0
2021-07-07,0.2425515,0.302832,0.2350363,0.2127944,12.14438,11.99708,11.57062,10.7675,10,48,21.325,97.375,1.625,,4.6125,20.8625,0.07459885836994246,183.0,733.3625000000001,753.85,-0.125,23.8,20.2
2021-07-08,0.2497047,0.3055352,0.2421458,0.2184179,11.79333,11.78958,11.52625,10.795,10,48,21.9125,92.875,1.875,,5.9875,20.6375,0.2050558088625138,43.0,732.575,753.025,-0.08750000000000001,24.8,19.9
2021-07-09,0.2570028,0.3104849,0.2472531,0.2219328,12.12,11.92479,11.44708,10.70396,10,48,21.9,92.875,1.625,,6.875,20.6625,0.19875240997804755,16.0,732.125,752.55,-0.025000000000000005,24.7,19.9
2021-07-10,0.2472926,0.3015512,0.2429363,0.217601,12.865,12.73729,12.28583,11.42125,10,48,23.425,85.625,2.0,,6.875,20.725,0.46148118793274295,2.9,732.9,753.3,0.175,27.0,20.1
2021-07-11,0.2393372,0.2955001,0.2358829,0.2161153,12.76187,12.44937,11.8,10.80667,10,48,25.325,85.125,1.75,,5.325,22.4375,0.5504681792740201,0.0,734.3875,754.675,0.028571428571428584,29.2,21.6
2021-07-12,0.2316241,0.2882437,0.230725,0.2139366,13.18812,12.87438,12.20396,11.07271,10,48,27.275,82.375,2.25,,8.175,23.8625,0.690910159583144,0.0,734.95,755.1125,1.586032892321652e-17,30.5,23.8
2021-07-13,0.2280382,0.2759973,0.235091,0.2045074,20.91479,20.11396,18.7525,16.70021,10,48,28.7,74.25,3.375,,10.25,23.5,1.071963234437635,0.0,733.9125,753.95,-0.1857142857142857,32.4,25.0
2021-07-14,0.2109478,0.2724572,0.2187981,0.2083548,13.81458,13.55667,12.88021,11.5275,10,48,28.0375,74.0,3.5,,11.875,22.9,1.0042806355965055,0.0,735.1125,755.1375,0.3375,30.1,26.1
2021-07-15,0.1997195,0.2655583,0.2128227,0.2056189,13.53396,13.30938,12.76396,11.62417,10,48,27.875,79.5,3.0,,12.5,23.925,0.8022193518497561,0.0,738.0875,758.3,0.30000000000000004,30.5,25.6
2021-07-16,0.1917746,0.2604205,0.207991,0.2025255,13.64687,13.36333,12.77271,11.64042,10,48,27.0875,78.625,2.25,,12.75,22.8625,0.8171152716012735,0.0,739.8375,760.1,0.17142857142857146,30.4,24.7
2021-07-17,0.1853818,0.2537419,0.2072802,0.1973121,15.58271,15.22563,14.48271,13.20125,10,48,27.9875,76.125,1.75,,12.375,23.05,0.9990907783256765,0.0,738.65,758.8375,-0.22499999999999998,31.6,24.5
2021-07-18,0.1724597,0.2490809,0.1988071,0.195319,13.97917,13.66688,13.02313,11.81917,10,48,27.8,79.875,2.25,,11.625,23.7875,0.8187418223958931,0.0,737.2375000000001,757.4,-0.03750000000000001,31.4,24.6
2021-07-19,0.1642644,0.2429832,0.1962397,0.1903146,14.8275,14.50604,13.87438,12.63812,10,48,27.55,75.625,2.25,,11.75,22.625,0.9637174363934569,0.0,738.15,758.35,0.15,30.9,24.5
2021-07-20,0.1552468,0.2387899,0.190994,0.1878737,13.92833,13.66917,13.105,11.9675,10,48,27.225,76.75,1.875,,13.25,22.5375,0.9100026949259481,0.0,739.6125,759.8625,0.14999999999999997,30.9,24.7
2021-07-21,0.1495587,0.2351051,0.1881113,0.184409,13.97021,13.69146,13.10875,11.99125,10,48,26.725,78.875,1.875,,12.875,22.599999999999998,0.7894367806864557,0.0,739.875,760.1875,-0.03749999999999998,29.7,23.1
2021-07-22,0.1439049,0.2312811,0.1856036,0.181419,13.75521,13.52208,13.03104,12.00708,10,48,28.0,78.25,1.875,,12.25,23.6,0.9109694833463824,0.0,738.0375,758.25,-0.33749999999999997,31.8,23.7
2021-07-23,0.144282,0.2288687,0.1869329,0.1760499,16.18104,15.70646,14.95396,13.72604,10,48,28.2125,71.125,2.75,,11.875,22.2625,1.1552471028233935,0.0,736.1125,756.225,-0.11249999999999999,31.2,25.3
2021-07-24,0.1357098,0.225629,0.181556,0.1757961,13.925,13.64083,13.10479,12.04521,10,48,28.275,65.125,3.5,,12.375,20.75,1.422708041484099,0.0,735.0625,755.1375,-0.175,32.2,24.5
2021-07-25,0.1306398,0.2218833,0.1795928,0.1740779,13.35896,13.25792,12.92625,12.04438,10,48,27.9375,67.625,3.0,,12.375,21.2,1.2534465860656046,0.0,733.4625,753.475,-0.22499999999999998,30.1,25.6
2021-07-26,0.1297763,0.2202819,0.1780906,0.1723959,13.54313,13.27354,12.78396,11.91312,10,48,28.0625,63.625,3.25,,12.5,20.3625,1.4248868056793929,0.0,731.9,751.9,-0.07499999999999998,31.3,25.0
2021-07-27,0.129422,0.2186078,0.1788682,0.1695308,14.79813,14.48938,13.88042,12.89854,10,48,28.375,69.5,2.875,,13.125,21.925,1.2661561968882786,0.0,732.3,752.2875,0.0625,32.4,24.6
2021-07-28,0.127965,0.2167078,0.1784896,0.1678501,15.16125,14.83188,14.255,13.19458,10,48,28.2375,78.25,1.625,,12.375,23.8875,0.9033122199170653,0.0,732.6625,752.675,-0.0375,31.9,24.7
2021-07-29,0.1244146,0.2136361,0.1766456,0.1668512,14.36083,14.21271,13.81792,12.88479,10,48,27.5625,81.125,1.375,,11.875,23.925,0.7366672834184351,0.0,731.325,751.3125,-0.2625,30.9,24.2
2021-07-30,0.1256674,0.2123993,0.1735502,0.1671826,12.90583,12.82042,12.5425,11.84,10,48,24.6125,95.0,1.5,,7.3875,23.7125,0.16623127702514467,56.2,729.3625,749.45,-0.2375,26.6,22.8
2021-07-31,0.25477,0.3040442,0.2537662,0.2092068,12.5325,12.46854,12.2075,11.68437,10,48,25.55,89.375,2.875,,10.1875,23.525,0.39330352480705083,200.0,727.025,747.075,-0.1625,29.2,23.2
2021-08-01,0.2749655,0.3250792,0.2642889,0.238032,12.50083,12.48188,12.22938,11.65333,10,48,24.825,90.5,2.5,,11.625,23.075,0.33717932943428847,10.1,729.7,749.8375,0.5875,28.5,22.1
2021-08-02,0.2786383,0.3256466,0.2624024,0.2359497,11.21167,11.51021,11.69083,11.51375,10,48,19.475,100.0,2.875,,4.0,19.475,0.0,116.0,732.15,752.6,-0.037500000000000006,20.7,18.0
2021-08-03,0.2841119,0.3286686,0.2664006,0.2422269,11.09625,11.18542,11.15667,11.10646,10,48,21.15,91.625,2.5,,10.7875,19.675,0.23368173438023787,37.4,733.8375,754.4375,0.3125,24.4,17.8
2021-08-04,0.2728574,0.3194675,0.2587154,0.2364158,10.90833,10.97708,10.94208,10.85958,10,48,23.349999999999998,90.0,2.75,,9.25,21.5625,0.3071450005335263,0.0,732.975,753.3375,-0.275,25.1,20.4
2021-08-05,0.267825,0.314876,0.2545876,0.2320387,11.35125,11.2975,11.05333,10.73833,10,48,24.2125,87.875,3.625,,9.125,22.0375,0.38010892500663784,0.0,730.875,751.15,-0.062499999999999986,26.4,22.4
2021-08-06,0.2602357,0.3082236,0.2500365,0.2279886,11.40854,11.355,11.10333,10.72625,10,48,22.8125,91.25,2.25,,8.0,21.1875,0.28580259556834503,0.0,731.65,751.975,0.125,26.7,20.2
2021-08-07,0.251034,0.2999607,0.2446069,0.223497,11.33646,11.29083,11.06688,10.70563,10,48,23.4375,82.5,1.625,,10.0,19.849999999999998,0.6175489964030434,0.0,733.6375,754.025,0.3125,28.3,19.5
2021-08-08,0.2441495,0.2909456,0.2409223,0.2167372,12.37167,12.26812,11.92687,11.41542,10,48,24.342857142857145,78.0,1.1428571428571428,,8.257142857142856,19.557142857142857,0.8434110623314408,0.0,734.8714285714286,755.2285714285714,0.18333333333333335,30.2,18.7
2021-08-09,0.2335147,0.2838256,0.2334772,0.2142806,11.55521,11.5225,11.26292,10.75479,10,48,24.9875,76.25,2.25,,9.75,20.0125,0.8830888450544739,0.0,733.475,753.7125,-0.2625,29.8,19.7
2021-08-10,0.2226651,0.2758384,0.2276507,0.2102596,10.79271,10.95354,10.95271,10.70438,10,48,21.5375,93.375,1.625,,8.925,20.3,0.2022614633059977,21.0,734.325,754.775,0.30000000000000004,25.8,19.6
2021-08-11,0.2226755,0.2734585,0.2240561,0.2076634,10.43646,10.59042,10.60937,10.50542,10,48,20.3125,96.875,1.125,,6.8125,19.7625,0.08754121661386677,133.0,736.3875,757.0375,0.21428571428571427,23.6,19.0
2021-08-12,0.2321837,0.2796091,0.2221399,0.2059249,10.16771,10.29083,10.305,10.27979,10,48,18.8375,100.0,2.375,,3.775,18.8375,0.0,207.0,736.975,757.725,0.07500000000000001,20.0,18.3
2021-08-13,0.2382051,0.282636,0.2246171,0.2011584,11.45083,11.52604,11.48979,11.34063,10,48,19.4125,94.875,1.75,,8.525,18.5375,0.12882071130571948,23.1,736.825,757.55,6.938893903907228e-18,22.5,17.8
2021-08-14,0.2343494,0.2845353,0.2204886,0.2030247,10.10854,10.16083,10.06,9.95542,10,48,19.4625,91.5,0.875,,7.65,17.925,0.2310241245041142,0.0,737.525,758.2875,0.15,23.4,15.8
2021-08-15,0.2301511,0.2811858,0.2190794,0.2013808,10.1575,10.15833,10.02042,9.86792,10,48,21.025,88.375,1.0,,7.4375,18.775,0.36468294470293644,0.0,739.85,760.5875,0.3,25.6,16.0
2021-08-16,0.2311092,0.2825853,0.2205646,0.200511,10.33792,10.28708,10.08521,9.83979,10,48,20.25,97.875,1.0,,4.45,19.8625,0.06401842906786459,101.0,740.45,761.1375,-0.07500000000000001,24.0,18.9
2021-08-17,0.2687196,0.3163078,0.2471147,0.2101671,10.35354,10.36771,10.19729,9.88417,10,48,20.1875,96.0,1.5,,7.075,19.5,0.10264972403394251,26.0,739.325,760.075,-0.1625,22.2,18.9
2021-08-18,0.2607685,0.3084065,0.243344,0.2104496,10.48354,10.41083,10.16604,9.86292,10,48,21.3875,91.75,1.25,,7.3125,19.825,0.26171620642372717,0.1,738.4875,759.1625,-0.1,25.7,18.4
2021-08-19,0.2526814,0.3002197,0.239177,0.2092221,10.88375,10.74812,10.40042,9.92563,10,48,23.8875,81.25,2.0,,9.25,20.1375,0.6458089296456251,0.0,737.3,757.7625,-0.17500000000000002,27.9,20.7
2021-08-20,0.2446602,0.2927551,0.2350904,0.2080965,10.70708,10.70729,10.50563,10.04542,10,48,22.225,82.875,2.5,,8.75,19.0375,0.4839463534278381,2.6,736.1875,756.65,-0.1375,25.0,20.2
2021-08-21,0.2616785,0.3058063,0.2335158,0.207325,10.36063,10.42604,10.32396,10.02854,10,48,19.875,98.875,1.375,,4.4125,19.6875,0.02829723019983732,189.0,732.4875,752.9875,-0.5142857142857143,21.5,18.7
2021-08-22,0.2695753,0.3155813,0.2381991,0.2072873,10.48083,10.43792,10.21562,9.92521,10,48,22.2625,80.125,2.5,,8.1875,18.25,0.6293539001698876,39.2,731.375,751.8375,-0.03749999999999999,26.7,16.9
2021-08-23,0.2812128,0.3251097,0.2577791,0.2257278,10.79104,10.66271,10.34521,9.93771,10,48,23.8875,88.0,3.125,,6.175,21.6375,0.4054743624387922,31.0,731.925,752.1875,0.2875,28.0,20.1
2021-08-24,0.2697011,0.3145857,0.2524049,0.2265417,10.71479,10.66521,10.43083,10.01333,10,48,22.4875,90.125,2.375,,6.1375,20.6125,0.33864003962914857,69.2,729.3,749.5875,-0.5875,27.5,17.8
2021-08-25,0.2801921,0.3250336,0.2537757,0.225786,10.66937,10.67875,10.48583,10.05667,10,48,21.6,86.25,2.25,,9.25,19.1,0.3837221203071777,24.0,731.1625,751.55,0.4875,25.3,18.8
2021-08-26,0.2752075,0.3197851,0.2520745,0.2257718,10.30625,10.36917,10.26667,10.01271,10,48,21.225,78.75,3.25,,10.125,17.15,0.5865336793689153,0.0,733.6,754.125,0.23750000000000002,25.7,18.3
2021-08-27,0.2679406,0.3137403,0.2490104,0.2242727,10.03021,10.10062,10.03813,9.88542,10,48,20.75,74.375,4.375,,11.5,15.7,0.6697876405432364,0.0,733.65,754.175,0.012499999999999997,23.4,18.7
2021-08-28,0.2591193,0.3059811,0.2450967,0.2221374,9.78479,9.87146,9.83833,9.7475,10,48,19.9875,71.125,3.75,,12.125,14.375,0.717077412340547,0.0,735.475,756.1125,0.275,23.3,16.2
2021-08-29,0.2575839,0.3043955,0.241793,0.2200457,9.58563,9.71979,9.69792,9.62021,10,48,18.8625,82.75,1.875,,11.375,15.6625,0.4005342145984483,46.0,737.225,757.9625,0.1625,21.6,17.0
2021-08-30,0.2492235,0.298402,0.2380174,0.2177264,8.87042,9.09771,9.26125,9.42271,10,48,18.425,74.25,2.25,,10.625,13.3125,0.6180575824704756,2.0,740.4125,761.3125,0.55,22.8,15.4
2021-08-31,0.2406914,0.2913887,0.2339025,0.2150234,8.72354,8.83354,8.91417,9.14646,10,48,19.8125,74.75,1.5,,9.125,14.6,0.7069189868789792,0.0,741.825,762.6875,-0.1875,25.6,14.3
2021-09-01,0.2428447,0.2941144,0.2326164,0.2127544,9.32854,9.26687,9.09021,9.02979,10,48,21.85,78.375,1.5,,9.75,17.4,0.6964757572938517,0.0,739.2625,759.9375,-0.3,27.3,15.4
2021-09-02,0.2633177,0.3130277,0.2378093,0.2142804,9.67958,9.6025,9.35354,9.10354,10,48,21.5625,71.5,1.625,,10.125,15.275,0.9012188100258538,0.0,736.925,757.475,-0.2875,27.3,15.0
2021-09-03,0.256307,0.3050556,0.2359497,0.2145082,9.77063,9.73042,9.50396,9.20021,10,48,21.0875,73.75,1.375,,9.075,15.15,0.8517489862632381,0.0,737.1375,757.75,0.375,26.6,15.0
2021-09-04,0.248169,0.2972383,0.2329587,0.2132551,9.79937,9.76521,9.54625,9.25104,10,48,21.8,70.375,1.0,,8.1375,15.375,0.9373207173226428,0.0,741.05,761.7875,0.4,27.8,15.1
2021-09-05,0.239223,0.289188,0.2293857,0.2116749,9.70917,9.71792,9.55146,9.28,10,48,21.7375,71.625,1.5,,10.5,15.9125,0.8549676371674748,0.0,743.7875,764.5125,0.3,27.3,17.0
2021-09-06,0.2311008,0.2827049,0.2262275,0.2100399,9.49562,9.53354,9.43021,9.25562,10,48,20.3875,85.5,1.625,,8.5,17.6875,0.391900044112222,7.0,742.8375,763.6125,-0.375,23.9,17.4
2021-09-07,0.2513752,0.3004175,0.2252049,0.2087664,9.29354,9.39854,9.35562,9.21562,10,48,16.85,96.875,1.125,,7.6,16.325,0.06710716043554774,36.0,738.2625,759.15,-0.575,19.4,15.3
2021-09-08,0.2518664,0.3028989,0.2249285,0.2074668,8.86375,8.97646,9.00479,9.06229,10,48,17.8875,79.25,2.0,,7.0125,13.4875,0.5473968649846506,21.4,735.6,756.4875000000001,-0.175,23.3,11.0
2021-09-09,0.2700098,0.3205578,0.2304511,0.2067698,8.58062,8.75792,8.85,8.93146,10,48,15.8875,97.625,3.0,,6.55,15.4875,0.04804589562365344,215.0,736.8875,757.8,0.16249999999999998,17.8,14.1
2021-09-10,0.2859277,0.3289676,0.2494149,0.21402,8.54146,8.65729,8.65646,8.74417,10,48,16.475,89.75,2.25,,7.8375,14.625,0.2365298078959189,41.0,737.35,758.3249999999999,0.03749999999999999,20.9,12.1
2021-09-11,0.3000693,0.3324772,0.269354,0.2539451,7.34396,7.59521,7.75271,8.08417,10,48,15.4375,77.625,2.125,,9.125,10.9875,0.45683743469553206,6.0,736.7375,757.6875,0.3375,19.9,8.4
2021-09-12,0.2834611,0.3201762,0.2602245,0.2483214,7.11729,7.35583,7.57354,8.04854,10,48,14.1875,71.375,1.125,,9.5,8.3125,0.5823055241009325,0.0,741.6375,762.9375,0.17500000000000002,20.5,6.7
2021-09-13,0.2782528,0.3157633,0.2561299,0.2430033,7.07313,7.3025,7.49396,7.90479,10,48,15.700000000000001,88.0,1.625,,8.4125,13.6,0.2457002617982659,4.1,742.4125,763.5625,0.4,20.1,11.3
2021-09-14,0.2752605,0.31376,0.2535814,0.2394347,7.18875,7.30917,7.38521,7.74896,10,48,16.5,76.75,1.375,,7.4625,11.6125,0.5716265764712335,0.0,745.5,766.7625,0.1625,22.4,9.3
2021-09-15,0.2709156,0.3105766,0.2516476,0.2367475,7.74688,7.71583,7.59021,7.70812,10,48,18.2,66.125,1.75,,9.125,10.925,0.8337236035129285,0.0,742.8,763.8125,-0.8,22.9,11.6
2021-09-16,0.2773379,0.3146125,0.2507745,0.2347862,7.93271,8.00104,7.89479,7.82188,10,48,15.525,96.0,1.5,,6.1,14.850000000000001,0.08115730681843727,27.0,739.7875,760.7625,0.05000000000000001,18.3,11.9
2021-09-17,0.2739119,0.3129807,0.2497186,0.2332793,7.51208,7.61708,7.63896,7.79604,10,48,15.9,77.5,1.125,,5.3,10.75,0.5964983194721482,0.0,740.5375,761.6625,,23.5,8.5
2021-09-18,0.2678296,0.3084808,0.2481794,0.2316342,7.75146,7.79646,7.72021,7.76042,10,48,19.583333333333332,69.16666666666667,1.8333333333333333,,12.6,12.983333333333334,0.8391687544873948,0.0,741.1833333333334,762.1166666666667,,25.7,14.2
2021-09-19,0.2612527,0.3039791,0.2462965,0.2300449,7.73458,7.80583,7.7475,7.76521,10,48,20.157142857142862,67.85714285714286,2.0,,22.285714285714285,13.457142857142857,0.8660927306607539,0.0,741.0714285714286,761.9142857142857,,25.6,15.8
2021-09-20,0.2580192,0.300384,0.2443246,0.2284541,7.42646,7.57271,7.63271,7.75354,10,48,15.4,94.42857142857143,2.142857142857143,,9.9,14.485714285714284,0.09823009323234468,27.0,738.1142857142858,759.157142857143,,17.3,13.5
2021-09-21,0.3113285,0.3378382,0.2661111,0.2397183,7.64562,7.69562,7.63563,7.69125,10,48,16.175,97.625,2.875,,12.6,15.775,0.05009580930973717,67.2,727.5875,748.3,,19.4,14.6
2021-09-22,0.3014414,0.3323796,0.2669312,0.2507588,7.69333,7.74417,7.67458,7.68333,10,48,13.4,100.0,1.875,,3.4625,13.4,0.0,7.2,731.7375000000001,752.6875,,13.9,12.8
2021-09-23,0.2915578,0.3252634,0.262554,0.2481113,7.63063,7.72125,7.66125,7.66646,10,48,14.137500000000001,85.25,1.875,,16.475,11.2375,0.3043505962007167,4.4,743.1,764.4375,,19.3,8.3
2021-09-24,0.2816916,0.3180213,0.2583518,0.2451363,6.92167,7.13167,7.30208,7.57375,10,48,13.625,78.625,1.0,,17.3875,8.925,0.45988558157684284,0.0,746.85,768.3,,20.5,6.5
2021-09-25,0.2802519,0.3163583,0.2558908,0.2425137,6.96667,7.09646,7.17938,7.42625,10,48,15.512500000000001,98.875,1.375,,6.7125,15.325000000000001,0.02018768278385427,38.0,746.5375,767.8375,,15.8,14.8
2021-09-26,0.2823029,0.318045,0.2552552,0.2407506,7.79687,7.68021,7.42771,7.38708,10,48,18.5875,94.375,1.5,,7.425,17.6125,0.1375185241060607,2.4,744.075,765.15,,22.4,15.9
2021-09-27,0.2841425,0.3201041,0.2550369,0.2398133,8.24563,8.14708,7.83917,7.55458,10,48,18.5,91.5,2.5,,9.625,17.025,0.19681404294784832,6.0,740.175,761.0125,,21.2,16.0
2021-09-28,0.2811445,0.318113,0.2543987,0.2389992,8.13104,8.105,7.91958,7.69917,10,48,18.2375,86.25,2.875,,6.8125,15.75,0.3244596232407919,0.0,737.3125,758.15,,22.0,15.6
2021-09-29,0.2726525,0.3131373,0.2527629,0.2379258,7.65167,7.87,7.89104,7.76813,10,48,13.8875,76.0,2.375,,9.1625,9.1125,0.4067504187715191,0.8,736.4875,757.5,,17.1,6.3
2021-09-30,0.2622464,0.3059857,0.2494181,0.2359437,5.685,6.25313,6.87125,7.51167,10,48,9.6625,70.75,1.25,,7.8125,3.4375,0.464786836273134,0.0,737.1875,758.6,,16.5,4.1
2021-10-01,0.2570485,0.3017677,0.2466417,0.2335222,5.02833,5.48688,6.04958,6.965,10,48,8.075,74.875,1.375,,8.5125,2.75,0.3811561541203493,0.0,738.3375,759.9375,,14.9,2.6
2021-10-02,0.2529681,0.2990469,0.2446199,0.23139,4.84208,5.16354,5.61896,6.51792,10,48,10.757142857142856,57.57142857142857,2.0,,19.571428571428573,1.0571428571428572,0.7273022419446332,0.0,738.157142857143,759.6714285714286,,18.3,1.2
2021-10-03,0.2521162,0.2989838,0.2442129,0.2299591,6.03437,6.02375,5.97167,6.33875,10,48,17.1875,53.625,3.5,,19.75,6.9375,0.9882406085664248,0.0,736.5875,757.4625,,24.2,10.7
2021-10-04,0.2462964,0.2960792,0.2432256,0.2291725,5.61688,5.87917,6.05167,6.40396,10,48,9.225,76.75,1.5,,15.4125,4.8625,0.313101105294303,0.0,747.3125,768.9875,,13.4,5.4
2021-10-05,0.2418722,0.2931348,0.2416909,0.2278799,5.32021,5.55917,5.78667,6.28125,10,48,10.3375,63.875,0.75,,11.7,2.9125,0.5192571997477505,0.0,749.3625000000001,771.1,,16.4,6.2
2021-10-06,0.2372593,0.2902578,0.2400702,0.2265119,4.75063,5.08083,5.4575,6.10333,10,48,10.125,55.75,1.875,,11.75,0.7,0.6111163912383815,0.0,747.375,769.1,,13.9,3.5
2021-10-07,0.2343595,0.2885814,0.2388829,0.2251719,4.74979,5.03167,5.29542,5.90208,10,48,9.262500000000001,62.125,1.25,,15.875,1.1125,0.5383374307214872,0.0,743.775,765.45,,16.1,4.0
2021-10-08,0.2319217,0.2865164,0.2380436,0.2235456,4.74604,4.94104,5.17042,5.86,10,48,12.487499999999999,53.25,1.5,,17.625,1.75,0.8380824610471009,0.6,745.8625,767.45,,19.9,2.9
2021-10-09,0.2347217,0.2869341,0.2377413,0.2225723,5.58333,5.51042,5.41354,5.78625,10,48,15.1625,86.125,3.0,,11.775,12.6125,0.2295856666795697,30.3,741.675,762.8625,,18.5,11.7
2021-10-10,0.2461671,0.2917536,0.242021,0.2182825,7.03438,6.99896,7.01833,7.38542,10,48,11.3,50.875,4.5,,24.875,0.8999999999999999,0.6647528508508529,5.1,741.1875,762.5375,,14.5,6.7
2021-10-11,0.2452587,0.2895126,0.2448159,0.2122959,7.62542,7.53104,7.86312,9.38563,10,48,7.5625,66.625,1.5,,20.375,0.32500000000000007,0.4711077084349271,0.0,747.8625,769.775,,15.7,0.3
2021-10-12,0.242311,0.2877435,0.2433836,0.2108027,7.03854,6.80979,7.28729,8.68417,10,48,9.3125,67.25,1.375,,12.75,1.5,0.5672414493191301,0.1,749.6,771.5125,,18.4,1.3
2021-10-13,0.2407843,0.2870353,0.2430757,0.2104113,7.74271,7.18792,7.40375,8.71521,10,48,14.225,62.75,2.75,,15.875,6.575,0.672219730086129,0.0,745.5125,766.975,,19.3,8.0
2021-10-14,0.2400088,0.2873115,0.243572,0.2098617,9.05354,8.37042,8.25021,8.87458,10,48,11.228571428571428,72.71428571428571,2.142857142857143,,11.642857142857142,5.542857142857144,0.4110321536941347,0.0,743.8142857142857,765.2142857142857,,16.4,4.3
2021-10-15,0.2327941,0.2831945,0.2416167,0.2095711,6.26833,6.51479,7.29229,8.58188,10,48,6.8875,51.25,3.625,,17.5,-3.5374999999999996,0.5008607857104073,0.0,746.3875,768.2375,,12.9,0.5
2021-10-16,0.2251845,0.2795691,0.2381852,0.2095545,3.67437,4.39708,5.65396,7.53,10,48,-0.9375,43.75,3.75,,25.125,-12.1,0.3308475638674498,0.0,749.9375,772.5375,,2.2,-3.7
2021-10-17,0.221007,0.2766791,0.2361388,0.2073871,2.43937,3.09771,4.3325,6.71,10,48,2.25,39.25,3.25,,23.375,-11.3375,0.49846069772091367,0.0,745.9499999999999,768.4,,7.7,-5.5
2021-10-18,0.2236459,0.2772303,0.2367888,0.2053666,3.35104,3.71146,4.57333,6.64688,10,48,2.6,63.25,2.25,,16.5,-4.0,0.28332547770351674,0.2,744.225,766.3375,,6.2,-2.8
2021-10-19,0.2202874,0.2750879,0.2353082,0.2040029,2.13708,2.80167,3.88,6.04083,10,48,-0.46250000000000013,61.5,1.5,,14.25,-8.0125,0.2909489337828699,0.0,748.95,771.5875,,6.3,-7.5
2021-10-20,0.2185329,0.2741109,0.2333447,0.2043769,1.98333,2.45187,3.28208,5.27833,10,48,3.3625000000000003,49.625,1.75,,14.875,-6.925,0.44977497405532046,0.0,745.6625,767.9375,,11.0,-2.3
2021-10-21,0.2090672,0.2737568,0.225732,0.2113634,1.52625,1.87896,2.31667,3.38646,10,48,3.3375,58.875,1.0,,9.95,-5.1875,0.4104742487269433,0.0,745.1875,767.4125,,10.8,-4.0
2021-10-22,0.2098999,0.2739166,0.2254247,0.2107403,1.86542,2.08771,2.3675,3.28542,10,48,4.375,56.375,1.25,,12.125,-4.7875,0.46086247124769536,0.0,747.875,770.0875,,12.5,-2.5
2021-10-23,0.2112515,0.2743444,0.2254467,0.2103973,2.245,2.40646,2.57521,3.29104,10,48,7.425000000000001,46.5,2.125,,14.625,-4.6,0.6560869407272104,0.0,748.525,770.6,,14.4,-1.3
2021-10-24,0.2129862,0.2751374,0.2257148,0.2102424,2.83708,2.90333,2.92458,3.38604,10,48,10.675,54.125,2.75,,9.875,1.4,0.6263097607217397,0.0,745.85,767.5,,15.5,6.3
2021-10-25,0.2135169,0.2755427,0.2259993,0.2103035,3.30583,3.30188,3.25479,3.55833,10,48,11.4,65.875,2.625,,5.8,5.075,0.48884060053663725,0.0,742.1,763.6,,15.8,7.8
2021-10-26,0.2137607,0.2758998,0.2264858,0.2104456,3.73646,3.8025,3.70938,3.78792,10,48,8.471428571428572,68.0,2.142857142857143,,6.471428571428571,2.5857142857142854,0.3772371121882063,0.0,740.5571428571428,762.0571428571428,,13.2,2.5
2021-10-27,0.2104219,0.2738065,0.2256259,0.2103232,2.97583,3.22708,3.46521,3.88312,10,48,6.3375,54.25,2.625,,17.0,-3.5625,0.5434326281865904,0.0,742.475,764.4,,15.3,-0.1
2021-10-28,0.2088504,0.2727465,0.2248522,0.2097194,2.79083,3.01,3.26167,3.78542,10,48,7.475,52.125,1.375,,17.0,-2.9625,0.6066499547031738,0.0,748.0,769.9875,,14.7,-1.2
2021-10-29,0.2083131,0.2724043,0.2244376,0.2091259,2.97479,3.11979,3.25396,3.71333,10,48,10.7125,37.5,2.125,,17.75,-3.625,0.8455073933481647,0.0,745.875,767.5375,,16.0,5.9
2021-10-30,0.2092425,0.2729888,0.2245463,0.2088938,3.62833,3.62688,3.52188,3.75958,10,48,10.35,61.75,2.125,,8.1,3.0375,0.5078811508838625,0.0,744.8375,766.4375,,15.4,5.3
2021-10-31,0.2049734,0.270761,0.2240624,0.2088642,2.59646,3.10875,3.48625,3.89063,10,48,1.7875,76.5,2.5,,12.75,-2.025,0.16293043461565818,0.0,749.4125,771.7,,3.7,0.3
2021-11-01,0.203804,0.2693276,0.2227676,0.2080276,2.45083,2.75604,3.02229,3.66688,10,48,2.1875,70.375,1.0,,8.8375,-2.8625,0.22558232234155504,0.0,749.475,771.9375,,5.2,-0.4
2021-11-02,0.201806,0.2676826,0.2217645,0.2072534,1.85583,2.2225,2.63792,3.47021,10,48,3.8375,73.625,1.625,,5.7875,-0.825,0.2559141132096566,0.0,745.2875,767.5375,,9.7,-3.0
2021-11-03,0.2035719,0.2684949,0.22171,0.2066136,2.49187,2.64896,2.78146,3.33542,10,48,7.9375,70.875,2.5,,5.5,2.9,0.3220998807523635,0.0,739.3875,761.1,,11.2,5.2
2021-11-04,0.2036732,0.2684582,0.2214941,0.2062896,2.60021,2.71833,2.84458,3.33271,10,48,8.575,79.75,2.125,,3.3625,5.075,0.25190027681350147,0.0,740.3875,762.025,,13.7,5.3
2021-11-05,0.2042166,0.2687038,0.2214121,0.2060336,2.89458,2.93792,2.98417,3.37313,10,48,11.9875,71.25,2.625,,3.775,6.737500000000001,0.4333767799265169,0.0,741.4375,762.9375,,16.6,8.5
2021-11-06,0.2010392,0.2671475,0.2210613,0.2060154,1.9775,2.49979,2.96562,3.46542,10,48,-0.4375000000000001,86.125,4.125,,9.0125,-2.475,0.07704778021114514,2.2,749.05,771.3125,,11.2,-6.2
2021-11-07,0.1984251,0.264806,0.219353,0.2050728,1.12813,1.59688,2.18187,3.17542,10,48,-5.5875,82.625,3.0,,7.225,-8.25,0.07192396974589185,19.1,748.825,771.85,,-5.0,-6.5
2021-11-08,0.2190748,0.280863,0.2279153,0.2070195,1.03187,1.35729,1.84708,2.85604,10,48,-2.2375,92.625,3.625,,5.7125,-3.2875,0.03386618465144217,33.2,731.3,753.6,,0.8,-4.3
2021-11-09,0.2664644,0.3112052,0.244943,0.2167273,1.03917,1.30083,1.68833,2.61792,10,48,-4.875,94.125,3.0,,9.45,-5.6875,0.02560722650761573,10.7,729.95,752.325,,-3.8,-6.4
2021-11-10,0.2647251,0.3084598,0.2430596,0.2157161,1.04854,1.31354,1.64854,2.4925,10,48,-4.5125,94.5,2.375,,6.0875,-5.2625,0.024212508079742463,7.1,731.9250000000001,754.4,,-3.4,-6.7
2021-11-11,0.2658998,0.3083141,0.2413144,0.2146175,1.03667,1.28583,1.59625,2.39917,10,48,-2.775,82.75,3.0,,11.65,-5.4625,0.09019892094950369,5.6,735.3375,757.75,,-0.2,-6.2
2021-11-12,0.2637577,0.3070815,0.2407471,0.2139061,0.82833,1.1225,1.47896,2.30854,10,48,-4.025,68.5,3.0,,14.25,-9.0875,0.15316101312511732,0.0,738.1875,760.85,,-0.7,-8.0
2021-11-13,0.259731,0.3040797,0.2390331,0.2132252,0.74479,1.01312,1.34146,2.18104,10,48,1.2,69.875,3.875,,12.75,-3.7750000000000004,0.2067785044354699,0.1,737.0125,759.2125,,3.9,-1.0
2021-11-14,0.2567104,0.301995,0.2375464,0.2125537,0.65521,0.94229,1.26917,2.08312,10,48,-0.5999999999999999,75.125,2.25,,7.7875,-4.5875,0.15612631311262684,0.1,741.1125,763.45,,3.0,-4.6
2021-11-15,0.2493006,0.2985752,0.2360764,0.2117344,0.46583,0.77417,1.12292,1.98333,10,48,-2.675,80.5,1.625,,4.6625,-5.875,0.12043695496508332,0.0,746.1125,768.7875,,2.5,-7.5
2021-11-16,0.2419547,0.2950176,0.2346285,0.2110493,0.37292,0.6725,1.00729,1.86937,10,48,-0.225,62.125,3.125,,13.625,-6.7625,0.2363043590423024,0.0,746.025,768.5875,,2.4,-3.4
2021-11-17,0.2449194,0.2963714,0.2336053,0.2101714,0.33188,0.60146,0.92646,1.77333,10,48,3.7375000000000003,76.625,3.75,,6.9125,-0.10000000000000003,0.18793246823592147,0.0,740.0,762.125,,6.5,-0.1
2021-11-18,0.2715714,0.3109112,0.2375747,0.2101447,0.41333,0.65083,0.90958,1.69708,10,48,1.975,72.125,3.5,,8.2,-2.7375,0.19655712912225037,0.0,737.125,759.1125,,3.9,-0.5
2021-11-19,0.2591138,0.3061547,0.2386473,0.2106865,0.35729,0.61187,0.895,1.65146,10,48,-2.45,58.125,2.125,,17.25,-9.75,0.2204620592265461,0.0,744.4,766.9875,,0.5,-4.4
2021-11-20,0.2323357,0.2984058,0.2367659,0.2108885,0.22938,0.50146,0.80938,1.58396,10,48,-3.625,74.25,1.875,,7.975,-7.8,0.13288157641344572,0.0,746.4125,769.175,,-0.1,-7.0
2021-11-21,0.1704887,0.2783865,0.2347717,0.2107451,-0.01771,0.33979,0.68292,1.50083,10,48,-5.5125,81.0,2.5,,5.025,-8.3,0.07940889010324802,0.6,741.7,764.4875,,-3.1,-7.3
2021-11-22,0.1522601,0.253437,0.2325183,0.2101454,-0.22958,0.21771,0.56104,1.39688,10,48,-9.0375,82.75,4.5,,3.9625,-11.525,0.05330773720360858,10.1,738.3,761.25,,-7.7,-10.5
2021-11-23,0.1356344,0.2028917,0.2290925,0.2094851,-0.69833,-0.02896,0.43354,1.28813,10,48,-11.125,65.375,4.75,,18.5,-16.4125,0.09419535074873545,0.0,737.0375,760.2125,,-8.5,-14.1
2021-11-24,0.1283727,0.1795025,0.2200143,0.2083063,-1.07854,-0.35188,0.29667,1.17854,10,48,-10.671428571428573,56.714285714285715,3.142857142857143,,21.857142857142858,-17.742857142857144,0.12233509816926547,0.0,738.0,761.1714285714286,,-7.7,-13.3
2021-11-25,0.1223648,0.1683061,0.1905026,0.206654,-1.47146,-0.73646,0.13667,1.0575,10,48,-10.725,64.5,2.5,,13.5,-16.2125,0.10032886226516202,0.0,742.1375,765.4375,,-7.9,-13.6
2021-11-26,0.1217934,0.1654503,0.1576529,0.2044785,-1.40667,-0.84604,-0.06229,0.94292,10,48,-7.887499999999999,65.25,1.5,,9.5875,-13.45,0.12524556592363784,0.0,749.6125,772.95,,-3.3,-11.6
2021-11-27,0.1188763,0.1614853,0.1452117,0.2020908,-1.64396,-1.0975,-0.27271,0.83417,10,48,-3.6750000000000003,60.625,2.75,,10.375,-10.4125,0.19766352949955782,0.0,751.9625,775.075,,-0.3,-8.3
2021-11-28,0.1284379,0.1662244,0.1439958,0.1991814,-0.77333,-0.61271,-0.24667,0.74354,10,48,3.3375,75.625,4.375,,7.2125,-0.575,0.18973153543291796,0.0,746.6125,769.0,,6.2,-0.6
2021-11-29,0.1481555,0.1796297,0.1492409,0.1969165,-0.12125,-0.08458,-0.04167,0.69542,10,48,-3.1,78.625,2.625,,5.825,-6.35,0.10065280980227853,0.0,747.75,770.35,,2.8,-5.0
2021-11-30,0.128921,0.1704207,0.1482989,0.1966673,-1.02562,-0.54542,-0.10479,0.68208,10,48,-7.15,84.875,2.75,,5.85,-9.325,0.05700001335575772,1.8,742.35,765.2625,,-5.3,-11.5
2021-12-01,0.1128179,0.1562507,0.1389269,0.1956382,-2.35104,-1.58229,-0.56354,0.62937,10,48,-9.425,72.5,3.25,,11.75,-13.5875,0.0873446017601439,0.0,743.275,766.525,,-7.4,-12.3
2021-12-02,0.1131329,0.1546901,0.1341842,0.1926154,-2.04667,-1.605,-0.85479,0.52271,10,48,-3.4125,62.5,5.375,,20.375,-9.675,0.1858382953907705,0.0,733.75,756.2625,,0.2,-6.5
2021-12-03,0.1098446,0.1528133,0.1328463,0.1884561,-2.48625,-1.84938,-1.00104,0.41125,10,48,-8.15,70.5,2.5,,15.5,-12.7625,0.10452526375033257,0.0,741.5,764.4875,,-4.9,-12.0
2021-12-04,0.1028007,0.1457786,0.127736,0.180761,-3.29917,-2.63313,-1.59375,0.28979,10,48,-7.875,59.5,2.125,,13.25,-14.9375,0.15616677303199145,0.0,747.2625,770.55,,-4.3,-14.3
2021-12-05,0.1134951,0.1519381,0.1288157,0.156279,-1.73375,-1.63146,-1.29271,0.12104,10,48,1.8625,66.75,3.875,,10.375,-3.8000000000000003,0.23433201551626348,0.0,742.75,765.2125,,5.9,-4.2
2021-12-06,0.1225909,0.1610581,0.1341585,0.1472618,-0.98646,-0.74917,-0.61188,0.07938,10,48,-1.4625,69.5,2.625,,11.3625,-6.6125,0.17496321026059666,0.0,748.25,770.7875,,2.1,-5.5
2021-12-07,0.1120824,0.1531038,0.1312997,0.1455129,-2.00708,-1.59937,-1.04208,0.05479,10,48,-1.025,52.25,2.5,,17.875,-9.9375,0.28797911545019633,0.2,751.5500000000001,774.3875,,3.1,-4.6
2021-12-08,0.1118001,0.1522321,0.1301357,0.1394631,-1.99833,-1.68375,-1.20354,-0.01687,10,48,1.2624999999999997,50.125,2.375,,11.125,-8.125,0.34871607385507225,0.1,750.075,772.65,,5.8,-2.7
2021-12-09,0.1225445,0.158236,0.1320345,0.1365165,-1.04271,-1.02458,-0.88187,-0.05958,10,48,3.85,64.75,2.375,,8.375,-2.2375,0.28258039262552914,0.2,746.45,768.6875,,6.3,1.4
2021-12-10,0.148177,0.1727256,0.1390361,0.1378434,-0.1275,-0.18979,-0.31542,0.0,10,48,-0.5749999999999998,90.875,2.625,,3.875,-1.8874999999999997,0.054403124095053663,0.4,746.6875,769.1,,3.1,-6.1
2021-12-11,0.1293096,0.1634269,0.1383107,0.1400626,-1.10646,-0.76958,-0.45854,0.04146,10,48,-4.225,84.125,3.0,,7.0125,-6.65,0.07523130705609986,0.0,746.8875,769.775,,-0.2,-7.5
2021-12-12,0.112376,0.1502006,0.1321048,0.1385425,-3.00021,-2.17812,-1.19437,-0.00708,10,48,-9.65,57.75,4.25,,22.375,-16.65,0.1280484319676602,0.0,748.625,771.8875,,-8.0,-11.3
2021-12-13,0.1048084,0.1411753,0.1247687,0.1305286,-3.8775,-3.275,-2.26521,-0.26229,10,48,-6.3,49.5,3.625,,18.75,-15.7,0.21431639946014966,0.0,743.5,766.6375,,-1.6,-12.2
2021-12-14,0.1085969,0.1439379,0.1252917,0.1254023,-3.10792,-2.7,-2.07188,-0.49958,10,48,-3.375,68.75,2.875,,8.6375,-8.6125,0.16845100786988954,0.0,738.3625,760.8625,,1.2,-9.6
2021-12-15,0.1056811,0.1417632,0.1242131,0.1231139,-3.62958,-3.11583,-2.325,-0.65792,10,48,-7.2875,73.25,1.375,,5.4125,-11.625,0.11387117634591376,0.0,742.5,765.5125,,-1.8,-12.8
2021-12-16,0.1056718,0.1420817,0.1241095,0.1213123,-3.58938,-3.04813,-2.31062,-0.79563,10,48,-11.625,83.75,2.375,,4.3,-13.8375,0.042187095677076424,3.4,744.65,767.9,,-7.2,-16.9
2021-12-17,0.1004435,0.1371881,0.1211672,0.1186491,-4.74583,-4.07854,-3.03729,-1.06625,10,48,-17.4375,64.625,3.75,,12.3875,-22.7625,0.05711964117866502,0.0,746.2375,770.2625,,-16.1,-19.5
2021-12-18,0.0994176,0.13551,0.1191793,0.1154144,-4.92458,-4.35438,-3.43125,-1.42187,10,48,-12.5125,60.625,2.75,,11.0,-18.7125,0.09713347667551117,0.0,741.3,764.9125,,-7.8,-15.3
2021-12-19,0.0998075,0.1354498,0.1185916,0.1134973,-4.76583,-4.30229,-3.52083,-1.66229,10,48,-9.175,58.0,3.125,,14.25,-16.0375,0.13690810749282356,0.0,738.1,761.2375,,-5.7,-14.3
2021-12-20,0.1031266,0.1380455,0.1195503,0.1130401,-3.89583,-3.63833,-3.16563,-1.70271,10,48,-3.2375,59.375,4.125,,13.5,-10.1375,0.20012122352729506,0.0,734.5,757.0125,,-0.1,-5.8
2021-12-21,0.1019456,0.1379408,0.1201817,0.1133756,-4.26479,-3.70875,-2.98479,-1.60104,10,48,-13.325,48.375,2.5,,17.5,-22.2375,0.11615559839863811,0.0,745.6,768.975,,-7.5,-17.4
2021-12-22,0.0974797,0.1341142,0.1176062,0.1088372,-6.90188,-5.98438,-4.48854,-2.36396,10,48,-15.875,51.0,1.375,,11.875,-23.9375,0.09161642421293095,0.0,750.275,774.35,,-12.7,-19.7
2021-12-23,0.0965926,0.1340819,0.1163891,0.1033371,-9.36542,-8.27229,-6.00417,-3.56896,10,48,-17.6,64.625,2.0,,6.025,-22.8875,0.060065102764191886,0.0,751.325,775.5125,,-12.7,-20.7
2021-12-24,0.0933891,0.1302972,0.1136894,0.1008494,-10.87687,-9.56687,-6.99375,-4.35583,10,48,-22.9,55.625,2.375,,11.95,-29.5375,0.04439176564142322,0.4,756.0,780.7875,,-20.8,-25.0
2021-12-25,0.0906025,0.126857,0.1110524,0.0978925,-12.08542,-10.80708,-8.09479,-5.29313,10,48,-23.05,56.375,2.75,,8.75,-29.4625,0.044068330933486013,0.2,755.8375,780.8,,-20.1,-26.3
2021-12-26,0.0908858,0.1261562,0.1098032,0.0956181,-11.88729,-10.7725,-8.31542,-5.87979,10,48,-18.075,55.375,3.375,,10.75,-24.9125,0.06782205992237286,0.0,751.0,775.4,,-14.6,-21.3
2021-12-27,0.0916657,0.1270687,0.1100265,0.0950225,-10.94896,-10.08333,-8.07812,-6.02167,10,48,-15.3375,63.125,2.5,,8.225,-20.8875,0.07195388464968672,0.0,748.3125,772.2625,,-12.3,-19.0
2021-12-28,0.0932135,0.1281971,0.1103694,0.0947572,-10.47896,-9.77646,-7.85187,-6.09313,10,48,-11.1625,58.625,2.875,,8.0625,-17.9375,0.12049422297329296,0.0,743.1,766.65,,-3.6,-16.1
2021-12-29,0.0936211,0.1290778,0.1116835,0.0951375,-9.87854,-9.01542,-7.18771,-5.69583,10,48,-15.6125,64.75,1.875,,6.175,-20.912499999999998,0.06561839031482714,0.0,744.825,768.525,,-13.6,-18.6
2021-12-30,0.092572,0.1282189,0.1108038,0.0952564,-10.33604,-9.49021,-7.49437,-5.9625,10,48,-17.650000000000002,56.5,3.0,,10.875,-24.475,0.06829666807312951,0.0,746.85,770.8875,,-13.6,-21.8
2021-12-31,0.0897607,0.1249855,0.1090346,0.0943086,-11.52708,-10.40333,-8.34708,-6.28688,10,48,-17.9125,50.5,2.125,,9.7375,-25.9875,0.07826656330105505,0.0,751.5125,775.85,,-14.2,-20.8
