date,sm5,sm10,sm20,sm40,st5,st10,st20,st40,nodes,obs48
2020-08-07,0.1812155,0.2177312,0.1729453,0.1411282,22.08083,22.14167,21.88333,21.12833,10,48
2020-08-08,0.1814922,0.2177348,0.1724748,0.1407014,22.59417,22.26688,21.65604,20.80417,10,48
2020-08-09,0.1818115,0.2188987,0.1732135,0.1407901,23.30604,22.99479,22.19271,20.86979,10,48
2020-08-10,0.1812468,0.2186626,0.1731199,0.1408241,23.32667,22.96,22.18479,20.95187,10,48
2020-08-11,0.1795212,0.2178842,0.1729726,0.1408246,22.77813,22.68104,22.14667,20.99042,10,48
2020-08-12,0.1782245,0.2168657,0.1722704,0.1404998,22.41604,22.29438,21.82125,20.85646,10,48
2020-08-13,0.1768596,0.215097,0.1714784,0.1402653,21.19417,21.38875,21.29396,20.67521,10,48
2020-08-14,0.1920446,0.2190329,0.1713878,0.1397381,21.70375,21.52188,21.03292,20.33854,10,48
2020-08-15,0.1948559,0.2190757,0.1717324,0.1396215,21.67875,21.54667,21.06042,20.25604,10,48
2020-08-16,0.1944061,0.2185825,0.1714027,0.1394258,21.68417,21.44563,20.92146,20.15187,10,48
2020-08-17,0.193339,0.2211815,0.171646,0.1394072,21.76021,20.31104,21.16062,20.17687,10,48
2020-08-18,0.1984961,0.225123,0.1720239,0.1394749,22.65083,20.03521,21.40292,20.23333,10,48
2020-08-19,0.250375,0.2490385,0.1720912,0.1396891,20.55604,18.94542,21.06458,20.34104,10,48
2020-08-20,0.2469525,0.2537063,0.1701941,0.1385721,18.21438,16.91333,19.3,19.66813,10,48
2020-08-21,0.2391268,0.2522681,0.1691336,0.1372386,17.70604,16.25521,18.36271,18.85687,10,48
2020-08-22,0.2318844,0.2490146,0.1685225,0.1373172,17.75167,16.595,17.98979,17.88,10,48
2020-08-23,0.2276509,0.2458981,0.1691822,0.1401895,19.11583,18.88125,18.43042,16.35479,10,48
2020-08-24,0.2585326,0.2742262,0.18755549999999999,0.1432553,19.32646,19.38958,19.05813,16.58417,10,48
2020-08-25,0.2809882,0.2999725,0.2246459,0.1494473,20.5725,20.11792,19.31729,16.67729,10,48
2020-08-26,0.274676,0.2951575,0.2313086,0.1542243,21.54479,21.11229,20.21708,17.0675,10,48
2020-08-27,0.3000695,0.3152297,0.2613905,0.1771982,21.08937,21.12375,20.67604,17.54625,10,48
2020-08-28,0.2971003,0.3146922,0.2729346,0.2321763,21.14604,20.95479,20.43188,17.68583,10,48
2020-08-29,0.2872292,0.3063738,0.2667526,0.2305593,20.1,20.43125,20.33417,17.72229,10,48
2020-08-30,0.2812363,0.3007374,0.2614552,0.226185,19.28125,19.39917,19.35104,17.33792,10,48
2020-08-31,0.2781998,0.2979628,0.2583666,0.222398,20.66771,20.26479,19.60146,17.13104,10,48
2020-09-01,0.2821349,0.2999566,0.257812,0.2203674,21.71667,21.38667,20.54792,17.42729,10,48
2020-09-02,0.2764395,0.2964089,0.2554397,0.218786,20.93417,20.89938,20.46854,17.655,10,48
2020-09-03,0.3050376,0.3180544,0.2738901,0.2369174,18.53125,19.12562,19.46979,17.50562,10,48
2020-09-04,0.3145088,0.3356469,0.2914575,0.2666014,16.34958,16.88854,17.53125,16.63396,10,48
2020-09-05,0.3023071,0.3286652,0.2863791,0.2612581,17.82104,17.6725,17.50875,16.08104,10,48
2020-09-06,0.2915254,0.3213639,0.2815966,0.2553752,18.91417,18.61604,18.13979,16.11292,10,48
2020-09-07,0.2860305,0.3171424,0.2787853,0.2517353,18.72792,18.7325,18.4725,16.29438,10,48
2020-09-08,0.3335376,0.3505821,0.2945783,0.2640237,17.30708,17.70187,17.96708,16.27479,10,48
2020-09-09,0.3284218,0.3478245,0.2959891,0.2693218,17.16979,17.29229,17.36042,15.91458,10,48
2020-09-10,0.3113662,0.3356556,0.2887322,0.2631751,17.60396,17.64479,17.48396,15.75688,10,48
2020-09-11,0.3001342,0.3279925,0.2843182,0.2581292,17.31,17.42292,17.39688,15.70875,10,48
2020-09-12,0.2914733,0.3218884,0.2809326,0.2541294,16.85,17.07813,17.18396,15.61792,10,48
2020-09-13,0.2889281,0.3180288,0.2787027,0.247208,17.27604,17.33667,17.1925,16.55292,10,48
2020-09-14,0.2841378,0.314116,0.2767284,0.2427671,16.75708,16.95771,16.98812,17.10625,10,48
2020-09-15,0.2788165,0.3115867,0.2752654,0.2406798,17.62062,17.46958,17.15125,17.04542,10,48
2020-09-16,0.2867296,0.3139611,0.2747784,0.2392246,17.04917,17.33792,17.33667,17.16833,10,48
2020-09-17,0.2894536,0.3149297,0.2743255,0.2377038,14.43875,15.24,16.05458,16.85792,10,48
2020-09-18,0.2992482,0.319883,0.2747788,0.2364824,14.32896,14.76042,15.22583,16.15292,10,48
2020-09-19,0.2985905,0.3198335,0.2748129,0.2361286,14.27562,14.66896,15.03583,15.75604,10,48
2020-09-20,0.2950787,0.3172022,0.2736636,0.2354918,13.78563,14.17083,14.59458,15.42667,10,48
2020-09-21,0.2903853,0.3141511,0.2723858,0.2345758,13.58625,13.93354,14.31792,15.11979,10,48
2020-09-22,0.2863653,0.3114235,0.2713535,0.2335278,13.98104,14.14917,14.30396,14.9225,10,48
2020-09-23,0.2830811,0.3096269,0.2705981,0.232636,14.24896,14.46604,14.51833,14.87625,10,48
2020-09-24,0.2788575,0.3074081,0.2694937,0.2316453,14.29458,14.31125,14.31083,14.76562,10,48
2020-09-25,0.2754501,0.3063242,0.2691072,0.2309081,15.61521,15.43542,15.02938,14.88,10,48
2020-09-26,0.2703852,0.3039251,0.2682962,0.2303602,15.50875,15.47521,15.25458,15.11271,10,48
2020-09-27,0.2653362,0.3014835,0.2673184,0.2296252,15.61083,15.52292,15.31229,15.22292,10,48
2020-09-28,0.2621092,0.2995846,0.2666506,0.2290335,15.68771,15.83938,15.69292,15.40771,10,48
2020-09-29,0.2612968,0.2973189,0.2649631,0.2278757,12.83354,13.66333,14.48438,15.17979,10,48
2020-09-30,0.2561628,0.2946315,0.2632401,0.2261478,11.70083,12.37021,13.21875,14.45833,10,48
2020-10-01,0.2519045,0.29183,0.2617337,0.224684,10.75792,11.45458,12.38667,13.83708,10,48
2020-10-02,0.2576514,0.2937595,0.2614888,0.2235601,12.13542,12.35583,12.56729,13.38979,10,48
2020-10-03,0.2523228,0.2916606,0.2606364,0.222753,10.92708,11.47646,12.13646,13.20083,10,48
2020-10-04,0.258328,0.2908926,0.2596019,0.2217721,9.67771,10.54417,11.53188,12.87729,10,48
2020-10-05,0.2676643,0.2953782,0.259434,0.2206973,9.37042,9.96271,10.78833,12.29292,10,48
2020-10-06,0.2624997,0.2940427,0.2590614,0.2199975,9.04125,9.67625,10.4475,11.85917,10,48
2020-10-07,0.2574029,0.2916853,0.2581728,0.2192408,8.31958,8.91313,9.79021,11.42917,10,48
2020-10-08,0.2543546,0.2906192,0.2577478,0.2186054,9.08625,9.30833,9.77729,11.11563,10,48
2020-10-09,0.2530943,0.2906604,0.25804,0.2184603,11.11542,10.96521,10.76687,11.24146,10,48
2020-10-10,0.2512567,0.2903649,0.2582945,0.2185828,12.4,12.12583,11.67104,11.63229,10,48
2020-10-11,0.2509373,0.2885617,0.2577374,0.2187113,10.26396,11.12896,11.71438,12.03979,10,48
2020-10-12,0.2508188,0.2864268,0.2556303,0.2174596,6.87375,8.04667,9.555,11.415,10,48
2020-10-13,0.2472837,0.2845898,0.2545153,0.2161561,5.76396,6.93583,8.42333,10.54646,10,48
2020-10-14,0.2443225,0.2828121,0.2532585,0.2149779,4.155,5.42875,7.14938,9.67229,10,48
2020-10-15,0.2419595,0.2820207,0.2524063,0.2139008,4.49896,5.25292,6.44333,8.85417,10,48
2020-10-16,0.2417489,0.2818852,0.2522283,0.213279,5.17437,5.77896,6.64688,8.51083,10,48
2020-10-17,0.2405953,0.2818729,0.2520893,0.2129095,6.20625,6.46479,6.91625,8.38688,10,48
2020-10-18,0.2384893,0.2804833,0.2518069,0.2127358,5.68875,6.39229,7.14458,8.46625,10,48
2020-10-19,0.2381363,0.2798661,0.251311,0.2123511,6.42292,6.65146,7.04604,8.34521,10,48
2020-10-20,0.2391338,0.2810405,0.2517836,0.2122968,8.715,8.34333,8.00167,8.525,10,48
2020-10-21,0.245782,0.2826712,0.2528059,0.2128311,9.24833,9.52062,9.37271,9.21396,10,48
2020-10-22,0.243563,0.2800932,0.2511163,0.2123289,5.22792,6.35938,7.65938,9.13521,10,48
2020-10-23,0.2380418,0.2778555,0.2496907,0.2110379,3.13958,4.35187,5.99938,8.30104,10,48
2020-10-24,0.2369591,0.2772583,0.2488477,0.2097829,3.02875,3.83146,5.09604,7.42813,10,48
2020-10-25,0.2381566,0.2774524,0.2485957,0.2091492,3.63062,4.18854,5.06083,6.96604,10,48
2020-10-26,0.2383875,0.2774479,0.2483915,0.2087386,4.22208,4.55667,5.18854,6.80708,10,48
2020-10-27,0.2376524,0.2775218,0.2484932,0.2086343,4.52625,5.09292,5.68333,6.88292,10,48
2020-10-28,0.231659,0.275346,0.2475803,0.2082198,2.70333,3.67417,4.90292,6.74104,10,48
2020-10-29,0.2265351,0.273601,0.2466034,0.2074557,1.80917,2.75271,4.07146,6.23542,10,48
2020-10-30,0.2245675,0.2729171,0.2459564,0.2067508,2.01604,2.61771,3.63125,5.735,10,48
2020-10-31,0.2314874,0.275184,0.246469,0.2064983,4.46729,4.43167,4.45771,5.63958,10,48
2020-11-01,0.2303496,0.2749506,0.2466743,0.2066315,3.97854,4.49667,4.98542,5.98896,10,48
2020-11-02,0.2243486,0.2727398,0.2457561,0.2062945,1.87146,2.93958,4.18333,5.90437,10,48
2020-11-03,0.2054089,0.2673253,0.2444017,0.2054419,0.165,1.38625,2.95083,5.33104,10,48
2020-11-04,0.1797026,0.2525654,0.243289,0.2045011,-0.37229,0.66375,2.10125,4.63438,10,48
2020-11-05,0.1910807,0.2540757,0.2426835,0.2037995,0.14604,0.68646,1.79979,4.11354,10,48
2020-11-06,0.2178394,0.2683212,0.2434679,0.2035867,3.06896,2.73542,2.69083,4.0125,10,48
2020-11-07,0.216708,0.2693447,0.2440524,0.2039404,2.48625,2.92146,3.42437,4.51,10,48
2020-11-08,0.2114466,0.2674137,0.2436394,0.2039091,1.06062,2.02146,3.10396,4.61167,10,48
2020-11-09,0.1813271,0.2565846,0.2425872,0.2033124,-0.33646,0.83312,2.14375,4.22687,10,48
2020-11-10,0.1602527,0.2295586,0.2412549,0.2026704,-0.70375,0.18979,1.47167,3.71438,10,48
2020-11-11,0.1883083,0.2429577,0.2407846,0.2021543,0.62438,0.56688,1.35771,3.34708,10,48
2020-11-12,0.2152164,0.2658339,0.2422829,0.2021683,3.38083,2.98,2.63167,3.46667,10,48
2020-11-13,0.2102254,0.2657128,0.2426893,0.2026486,1.82458,2.4575,3.05979,4.03208,10,48
2020-11-14,0.2039476,0.2631138,0.24201,0.2028083,1.12479,1.74479,2.55354,4.00458,10,48
2020-11-15,0.2092936,0.2639482,0.2420789,0.2027088,2.02771,2.36583,2.74396,3.90375,10,48
2020-11-16,0.2002274,0.2615162,0.241654,0.2025857,0.64208,1.41979,2.37187,3.89229,10,48
2020-11-17,0.2096314,0.2631152,0.241703,0.202229,2.34,2.30875,2.47292,3.69417,10,48
2020-11-18,0.2200787,0.2656813,0.242144,0.2024403,1.68708,2.3475,2.97729,3.94729,10,48
2020-11-19,0.2157271,0.2642877,0.2416436,0.2021979,0.64313,1.32333,2.2025,3.76687,10,48
2020-11-20,0.21514,0.2635747,0.2413278,0.2017386,0.6375,1.15833,1.89063,3.46688,10,48
2020-11-21,0.2136995,0.2634716,0.2411735,0.2014965,0.6225,1.11875,1.7725,3.28083,10,48
2020-11-22,0.2088282,0.2630264,0.2410378,0.2013413,0.56979,1.05563,1.685,3.14708,10,48
2020-11-23,0.2026997,0.2611341,0.2408303,0.2011686,0.4175,0.94208,1.56312,3.02812,10,48
2020-11-24,0.1995135,0.2538965,0.2403223,0.2008912,0.28292,0.83667,1.45458,2.90958,10,48
2020-11-25,0.1986326,0.2480823,0.2396512,0.2006094,0.29104,0.78313,1.36563,2.80417,10,48
2020-11-26,0.1953371,0.2435571,0.2389542,0.2003801,0.13167,0.69396,1.30396,2.71521,10,48
2020-11-27,0.1880162,0.2369708,0.23628,0.200124,-0.23146,0.45313,1.17667,2.61958,10,48
2020-11-28,0.1770935,0.231758,0.2311718,0.1997831,-0.57729,0.18542,0.99375,2.49562,10,48
2020-11-29,0.1688429,0.2245818,0.2269138,0.1992199,-0.82021,-0.0475,0.81167,2.36854,10,48
2020-11-30,0.1633415,0.2182912,0.2193095,0.1985287,-0.97042,-0.24417,0.62729,2.23458,10,48
2020-12-01,0.1579032,0.2138652,0.2130345,0.1977336,-1.15708,-0.41333,0.47063,2.09875,10,48
2020-12-02,0.1529225,0.2097611,0.209855,0.1967869,-1.27708,-0.56625,0.31875,1.97729,10,48
2020-12-03,0.1496492,0.2046556,0.2071839,0.1956394,-1.39229,-0.68896,0.18458,1.86042,10,48
2020-12-04,0.1485922,0.2008594,0.2049374,0.1940836,-1.34271,-0.71854,0.08417,1.75333,10,48
2020-12-05,0.1477905,0.1984543,0.2028503,0.1917407,-1.35167,-0.74937,0.01833,1.65729,10,48
2020-12-06,0.146291,0.1956035,0.2003527,0.1892566,-1.51208,-0.87417,-0.06438,1.565,10,48
2020-12-07,0.144004,0.1921613,0.1967365,0.1873129,-1.75229,-1.04229,-0.20146,1.48458,10,48
2020-12-08,0.1419082,0.188966,0.1923746,0.1851958,-1.9125,-1.19708,-0.34687,1.38625,10,48
2020-12-09,0.1406298,0.1863432,0.188694,0.1816875,-1.94458,-1.28333,-0.44396,1.30937,10,48
2020-12-10,0.1401231,0.1846842,0.186017,0.1788735,-1.93708,-1.29167,-0.50875,1.19938,10,48
2020-12-11,0.1382795,0.1821051,0.182737,0.1770589,-2.18458,-1.46479,-0.625,1.10875,10,48
2020-12-12,0.1347833,0.1779158,0.1769585,0.1751908,-2.69375,-1.84021,-0.86042,1.01312,10,48
2020-12-13,0.130941,0.1731936,0.1699797,0.1723122,-3.22979,-2.27583,-1.15917,0.87396,10,48
2020-12-14,0.128488,0.1695692,0.1641054,0.1693177,-3.63667,-2.655,-1.47104,0.69271,10,48
2020-12-15,0.1254927,0.1659912,0.1589039,0.1669851,-4.19542,-3.14083,-1.85042,0.48917,10,48
2020-12-16,0.1233541,0.1630705,0.1534922,0.1647761,-4.54417,-3.51604,-2.21313,0.265,10,48
2020-12-17,0.1232367,0.1621552,0.150759,0.1623486,-4.31875,-3.48604,-2.34583,0.06146,10,48
2020-12-18,0.123404,0.1619352,0.1496863,0.1589808,-4.19521,-3.38458,-2.34146,-0.05604,10,48
2020-12-19,0.1216462,0.1602861,0.1479451,0.1558011,-4.72458,-3.78792,-2.60646,-0.19104,10,48
2020-12-20,0.1205964,0.1587875,0.1459548,0.1526112,-4.88917,-4.01208,-2.86083,-0.37625,10,48
2020-12-21,0.1217685,0.1591472,0.1452906,0.1492764,-4.27604,-3.62583,-2.73062,-0.49437,10,48
2020-12-22,0.1232101,0.1602306,0.1453795,0.1475345,-3.68021,-3.13458,-2.44333,-0.49125,10,48
2020-12-23,0.1238193,0.1607128,0.1453804,0.1464104,-3.49312,-2.96896,-2.2975,-0.495,10,48
2020-12-24,0.1237203,0.160782,0.1452543,0.1455329,-3.54208,-2.92042,-2.21021,-0.48083,10,48
2020-12-25,0.1214416,0.1588064,0.1436497,0.1439668,-4.38896,-3.57042,-2.60146,-0.57562,10,48
2020-12-26,0.1194834,0.1567474,0.1412211,0.1408385,-4.92083,-4.07875,-3.03792,-0.76271,10,48
2020-12-27,0.1198667,0.1565503,0.1399235,0.137158,-4.56583,-3.90521,-3.04917,-0.89583,10,48
2020-12-28,0.117675,0.1549641,0.1385447,0.1338332,-5.34479,-4.43521,-3.33354,-0.99667,10,48
2020-12-29,0.1156024,0.1529886,0.1365772,0.1299986,-5.90437,-4.93854,-3.7575,-1.22958,10,48
2020-12-30,0.1129161,0.1505779,0.134527,0.1267126,-6.55437,-5.53458,-4.25146,-1.48479,10,48
2020-12-31,0.1119041,0.1493604,0.1330702,0.1243024,-6.71208,-5.73396,-4.52125,-1.74312,10,48
2021-01-01,0.109865,0.1474433,0.1315686,0.122268,-7.37458,-6.27667,-4.93479,-2.00292,10,48
2021-01-02,0.1077904,0.1452244,0.1296623,0.1195511,-8.04542,-6.91896,-5.49104,-2.34771,10,48
2021-01-03,0.107416,0.1443229,0.1286192,0.1163654,-8.03792,-7.02563,-5.73396,-2.65354,10,48
2021-01-04,0.1068087,0.1436504,0.1278978,0.1146182,-8.21396,-7.19667,-5.90375,-2.88187,10,48
2021-01-05,0.1056486,0.1423935,0.1269479,0.1133912,-8.69917,-7.62687,-6.25521,-3.14708,10,48
2021-01-06,0.1061923,0.1423461,0.1265184,0.1122807,-8.27771,-7.43729,-6.2925,-3.36604,10,48
2021-01-07,0.105443,0.141873,0.1263119,0.1117346,-8.6325,-7.62083,-6.34396,-3.46937,10,48
2021-01-08,0.1037202,0.1401574,0.1250093,0.1106929,-9.43708,-8.34104,-6.92333,-3.77292,10,48
2021-01-09,0.1033091,0.1393256,0.1242708,0.1096603,-9.47875,-8.50333,-7.2025,-4.09479,10,48
2021-01-10,0.1035248,0.1392942,0.1241126,0.1090113,-9.25813,-8.37854,-7.20812,-4.27208,10,48
2021-01-11,0.1044249,0.1399165,0.1243118,0.1086543,-8.69,-7.965,-6.98792,-4.32313,10,48
2021-01-12,0.1056375,0.1408579,0.1247831,0.1087144,-8.01167,-7.42063,-6.60417,-4.23875,10,48
2021-01-13,0.106962,0.142164,0.1256971,0.1092133,-7.31083,-6.71792,-5.99937,-3.98125,10,48
2021-01-14,0.1062983,0.1417268,0.1256133,0.1093754,-7.65542,-6.96646,-6.07646,-3.90146,10,48
2021-01-15,0.1072111,0.142324,0.1258918,0.1094035,-7.15063,-6.58813,-5.88458,-3.89354,10,48
2021-01-16,0.1059735,0.1414859,0.1256433,0.1093772,-7.85042,-7.08917,-6.10271,-3.8975,10,48
2021-01-17,0.1055995,0.1409119,0.1251862,0.1088431,-8.08646,-7.38458,-6.41333,-4.10729,10,48
2021-01-18,0.1053232,0.1406687,0.1249762,0.1085102,-8.19979,-7.47979,-6.5225,-4.2325,10,48
2021-01-19,0.1038593,0.1393036,0.1240306,0.108032,-8.98792,-8.14958,-7.01521,-4.45958,10,48
2021-01-20,0.1056687,0.1402487,0.1241585,0.1075646,-7.89583,-7.50896,-6.82792,-4.64083,10,48
2021-01-21,0.1090001,0.1431601,0.1260251,0.108292,-6.22271,-5.97958,-5.65667,-4.20375,10,48
2021-01-22,0.1093857,0.1439746,0.1270673,0.1090517,-6.06375,-5.64729,-5.18458,-3.77375,10,48
2021-01-23,0.1084991,0.1432741,0.1269081,0.109266,-6.56208,-6.01958,-5.34083,-3.675,10,48
2021-01-24,0.1089485,0.1435435,0.1269513,0.1092694,-6.31125,-5.87167,-5.29542,-3.69292,10,48
2021-01-25,0.1096451,0.1442749,0.1273376,0.1094787,-5.895,-5.51312,-5.03146,-3.58521,10,48
2021-01-26,0.1108842,0.1452924,0.1280115,0.1098803,-5.38312,-5.06167,-4.67854,-3.40771,10,48
2021-01-27,0.1104228,0.1451935,0.1282455,0.110187,-5.62312,-5.16292,-4.63042,-3.27417,10,48
2021-01-28,0.1096821,0.1445961,0.1279062,0.1101312,-6.025,-5.47833,-4.82937,-3.30896,10,48
2021-01-29,0.1079827,0.1430413,0.127059,0.1097482,-6.92896,-6.23917,-5.34708,-3.51417,10,48
2021-01-30,0.1080672,0.142847,0.1266049,0.1092305,-6.84354,-6.31562,-5.55958,-3.78479,10,48
2021-01-31,0.1074405,0.1422858,0.1261558,0.1089338,-7.17812,-6.59521,-5.78,-3.91188,10,48
2021-02-01,0.1090722,0.1433249,0.1266772,0.1088695,-6.27813,-5.94958,-5.46771,-3.94271,10,48
2021-02-02,0.1091433,0.1435047,0.1270703,0.1090802,-6.29187,-5.83854,-5.25521,-3.77167,10,48
2021-02-03,0.1085655,0.1431582,0.1268702,0.109068,-6.55812,-6.05542,-5.37979,-3.79125,10,48
2021-02-04,0.1083374,0.1429939,0.1266527,0.1089556,-6.63979,-6.15583,-5.49458,-3.87125,10,48
2021-02-05,0.1090854,0.1433796,0.1268185,0.1089281,-6.27333,-5.89646,-5.37667,-3.89021,10,48
2021-02-06,0.1100415,0.1443941,0.1274174,0.109178,-5.67333,-5.37896,-5.0,-3.73,10,48
2021-02-07,0.110004,0.1445593,0.1276919,0.1094901,-5.745,-5.32083,-4.85312,-3.56125,10,48
2021-02-08,0.1095807,0.1441454,0.1275334,0.1095184,-6.02083,-5.54146,-4.97208,-3.56042,10,48
2021-02-09,0.1096778,0.1441214,0.1274393,0.1093932,-5.96229,-5.56563,-5.03354,-3.63708,10,48
2021-02-10,0.1105955,0.1445326,0.1275861,0.1093,-5.27375,-4.9525,-4.6275,-3.42813,10,48
2021-02-11,0.1118148,0.1458913,0.1284323,0.1099137,-4.93437,-4.71958,-4.45563,-3.40792,10,48
2021-02-12,0.1157135,0.1486351,0.1300617,0.1105487,-3.66813,-3.71729,-3.76667,-3.10458,10,48
2021-02-13,0.1181633,0.1509963,0.131988,0.1116695,-3.25792,-3.14854,-3.14292,-2.66667,10,48
2021-02-14,0.1168864,0.150435,0.1320813,0.1122962,-3.81562,-3.48083,-3.20083,-2.46062,10,48
2021-02-15,0.1144351,0.1486138,0.1311929,0.11219,-4.7275,-4.19604,-3.64687,-2.52562,10,48
2021-02-16,0.1121295,0.1465424,0.1297817,0.1115595,-5.66437,-5.02646,-4.29167,-2.8225,10,48
2021-02-17,0.1116592,0.1457126,0.1288502,0.1107892,-5.84646,-5.33979,-4.70521,-3.16417,10,48
2021-02-18,0.1117682,0.1456881,0.1285808,0.1104067,-5.74833,-5.31562,-4.78521,-3.35229,10,48
2021-02-19,0.1130167,0.1464926,0.1289117,0.1103389,-5.10562,-4.85979,-4.55146,-3.36542,10,48
2021-02-20,0.114471,0.1478665,0.1298237,0.1107211,-4.46125,-4.25562,-4.05875,-3.145,10,48
2021-02-21,0.1152928,0.1486735,0.1305529,0.1111764,-4.11167,-3.91729,-3.72875,-2.91708,10,48
2021-02-22,0.114981,0.1486737,0.1307953,0.111554,-4.28937,-3.96417,-3.65208,-2.76542,10,48
2021-02-23,0.1136857,0.1470511,0.1296187,0.1114248,-4.83771,-4.34792,-3.80625,-2.67333,10,48
2021-02-24,0.120459,0.1434285,0.121903,0.1105984,-3.05208,-2.78875,-2.5075,-1.77979,10,48
2021-02-25,0.1220595,0.1444741,0.1223064,0.1104419,-2.66,-2.49375,-2.36,-1.80958,10,48
2021-02-26,0.1223967,0.1447687,0.1224989,0.1105835,-2.62417,-2.45417,-2.31333,-1.76896,10,48
2021-02-27,0.1380029,0.1501807,0.1245635,0.1116566,-1.64104,-1.7075,-1.85375,-1.61375,10,48
2021-02-28,0.1634306,0.1661706,0.1320219,0.1144273,-0.23167,-0.36875,-0.81333,-1.15979,10,48
2021-03-01,0.1511248,0.1638128,0.132499,0.1158298,-0.84979,-0.67813,-0.80437,-0.91708,10,48
2021-03-02,0.1407205,0.1550798,0.1293928,0.1156555,-1.89292,-1.58625,-1.36021,-0.985,10,48
2021-03-03,0.1410274,0.1533934,0.1276184,0.1147283,-1.78333,-1.685,-1.59562,-1.15062,10,48
2021-03-04,0.1628854,0.1763225,0.1377055,0.1239251,-0.57292,-0.63646,-0.81375,-0.80667,10,48
2021-03-05,0.1893715,0.2034596,0.1526413,0.1379278,-0.15021,-0.08146,-0.15813,-0.27167,10,48
2021-03-06,0.1600762,0.1823109,0.1470363,0.1362782,-1.38625,-0.91104,-0.65521,-0.39208,10,48
2021-03-07,0.1547973,0.1705727,0.1402507,0.1331459,-1.76396,-1.4975,-1.15208,-0.59708,10,48
2021-03-08,0.1612968,0.1743842,0.140557,0.1315898,-1.0725,-1.03167,-0.98771,-0.60333,10,48
2021-03-09,0.1754953,0.1850212,0.1446944,0.1322385,-0.25417,-0.31563,-0.4875,-0.46917,10,48
2021-03-10,0.198623,0.1900356,0.1470709,0.1328931,-0.14271,-0.18604,-0.33896,-0.43562,10,48
2021-03-11,0.2497511,0.218886,0.1580288,0.1481181,0.07729,-0.00896,-0.14458,-0.27625,10,48
2021-03-12,0.2814034,0.2537728,0.178989,0.1840152,0.2816,0.1156,-0.0236,-0.0638,10,48
2021-03-13,0.2894009,0.2660011,0.1880082,0.2080677,0.59313,0.28271,0.01375,0.03354,10,48
2021-03-14,0.3118487,0.2908762,0.1946996,0.2086414,0.90208,0.50438,0.04646,0.09375,10,48
2021-03-15,0.3234411,0.302197,0.2066858,0.2086107,0.63333,0.42604,0.08167,0.13354,10,48
2021-03-16,0.2717385,0.2914946,0.2130484,0.2020246,0.15958,0.24083,0.09792,0.1525,10,48
2021-03-17,0.2348745,0.2826906,0.2151116,0.1993125,0.06917,0.20688,0.09917,0.15979,10,48
2021-03-18,0.227298,0.2790957,0.2164815,0.1975174,0.21354,0.2425,0.09729,0.16188,10,48
2021-03-19,0.2277792,0.2784961,0.217208,0.196106,0.465,0.36313,0.11292,0.16375,10,48
2021-03-20,0.2365261,0.2823311,0.219317,0.1953048,0.51292,0.385,0.12333,0.17271,10,48
2021-03-21,0.2430526,0.2860498,0.2222908,0.1952487,0.22125,0.25771,0.12417,0.17417,10,48
2021-03-22,0.2515372,0.2879474,0.2234621,0.195469,0.6075,0.43979,0.14938,0.17771,10,48
2021-03-23,0.2623535,0.2939406,0.2296369,0.1982621,1.51354,0.90292,0.24938,0.18188,10,48
2021-03-24,0.2730283,0.3000105,0.2362604,0.1980793,1.84958,1.19563,0.385,0.18813,10,48
2021-03-25,0.2832575,0.3059463,0.2375782,0.1972814,2.25292,1.42563,0.51167,0.18958,10,48
2021-03-26,0.2734448,0.316136,0.2435098,0.1974667,2.29187,1.36813,0.62188,0.19604,10,48
2021-03-27,0.2675321,0.322477,0.2530614,0.1986724,5.06125,3.115,1.37083,0.20021,10,48
2021-03-28,0.2631053,0.3175642,0.2666215,0.2021453,4.18833,3.02667,1.52438,0.21333,10,48
2021-03-29,0.2593737,0.3140476,0.2711462,0.2050645,2.12083,1.84187,1.12354,0.21938,10,48
2021-03-30,0.2576659,0.3123158,0.2726571,0.2074757,3.87646,2.87062,1.39021,0.23063,10,48
2021-03-31,0.2531164,0.3094953,0.2764527,0.2098644,3.66812,2.88604,1.58604,0.24542,10,48
2021-04-01,0.2512156,0.3080573,0.2768653,0.2113797,4.39333,3.45979,1.92292,0.27417,10,48
2021-04-02,0.2497619,0.3069527,0.2761764,0.2125639,5.48208,4.38458,2.53042,0.33417,10,48
2021-04-03,0.2454169,0.3043142,0.2750729,0.2135895,4.05271,3.75104,2.60563,0.40979,10,48
2021-04-04,0.237492,0.3005083,0.2729922,0.2144938,2.85313,2.56312,1.87979,0.42604,10,48
2021-04-05,0.2388272,0.3002216,0.2722344,0.2164911,4.29208,3.48812,2.23271,0.465,10,48
2021-04-06,0.2360557,0.2986059,0.2715404,0.2201136,4.105,3.71271,2.6975,0.58563,10,48
2021-04-07,0.2317351,0.2963358,0.2703755,0.2225359,2.88625,2.76396,2.26333,0.65542,10,48
2021-04-08,0.230112,0.2951683,0.2693361,0.2212021,2.57667,2.47688,2.01875,0.68042,10,48
2021-04-09,0.2259852,0.2933653,0.2682438,0.2207989,2.7825,2.43229,1.84875,0.67708,10,48
2021-04-10,0.2311326,0.2947457,0.267966,0.2208847,4.39292,3.525,2.38708,0.76542,10,48
2021-04-11,0.2346872,0.2970345,0.2684715,0.221881,7.19229,5.89958,3.97229,1.12396,10,48
2021-04-12,0.2369949,0.2977834,0.2689679,0.2247049,6.46292,6.09146,4.75625,1.61812,10,48
2021-04-13,0.2409416,0.299395,0.2688037,0.228664,3.2375,3.44729,3.22188,1.58583,10,48
2021-04-14,0.2387353,0.2981841,0.2683306,0.2297309,3.51146,3.17125,2.58833,1.30208,10,48
2021-04-15,0.2365956,0.2969123,0.2678274,0.2295561,4.32604,3.63292,2.74479,1.31479,10,48
2021-04-16,0.2370605,0.2965112,0.2678104,0.2295758,4.46438,4.23271,3.42396,1.57,10,48
2021-04-17,0.2455326,0.2976498,0.267579,0.22896,3.91812,3.68875,3.03333,1.57708,10,48
2021-04-18,0.2453947,0.2975138,0.2674091,0.2285126,4.89854,4.09021,3.04479,1.51479,10,48
2021-04-19,0.2452729,0.2982676,0.267805,0.2283666,7.20854,6.07604,4.43792,1.91812,10,48
2021-04-20,0.2426669,0.2971107,0.2674422,0.2283643,6.74563,6.13875,5.02125,2.53417,10,48
2021-04-21,0.2403987,0.2990058,0.2619654,0.2294775,6.53333,5.60604,4.42792,2.33417,10,48
2021-04-22,0.231937,0.304872,0.2468913,0.2338725,5.30271,4.75792,3.79958,1.94583,10,48
2021-04-23,0.2327545,0.3045354,0.2466301,0.2336968,5.32813,4.87583,4.03208,2.31208,10,48
2021-04-24,0.2310498,0.3033783,0.245905,0.2330249,4.36583,4.31563,3.84125,2.47042,10,48
2021-04-25,0.2286421,0.3024797,0.2448523,0.2318861,4.45396,4.08042,3.47646,2.35396,10,48
2021-04-26,0.2266398,0.3023333,0.2449333,0.2313789,5.22167,4.71271,3.91667,2.49854,10,48
2021-04-27,0.2245622,0.3017448,0.2450425,0.2312528,5.56271,5.18937,4.42021,2.82813,10,48
2021-04-28,0.2217882,0.2995854,0.2437848,0.2306384,4.57792,4.55438,4.13937,2.95625,10,48
2021-04-29,0.2206263,0.2983352,0.2427528,0.2296043,4.55,4.33437,3.87104,2.87854,10,48
2021-04-30,0.225353,0.2983086,0.2422482,0.2286907,3.84646,3.88146,3.64167,2.85229,10,48
2021-05-01,0.2264093,0.300121,0.2421452,0.2276994,4.54917,4.15708,3.53458,2.69271,10,48
2021-05-02,0.2257557,0.301233,0.2428881,0.2276477,5.47208,5.00312,4.17958,2.91646,10,48
2021-05-03,0.2225899,0.3001734,0.2428017,0.2277584,5.65188,5.26,4.57104,3.29563,10,48
2021-05-04,0.2203015,0.2998227,0.2427909,0.2276554,6.17021,5.7825,5.00542,3.60708,10,48
2021-05-05,0.2159215,0.2972913,0.2416613,0.2272092,5.435,5.31687,4.87,3.82917,10,48
2021-05-06,0.2159072,0.2977012,0.2412343,0.226409,6.45458,5.83125,5.01021,3.88354,10,48
2021-05-07,0.2134746,0.2967182,0.2415698,0.2266242,6.22208,6.13792,5.60563,4.28667,10,48
2021-05-08,0.222936,0.2951496,0.2399392,0.2256623,4.85479,5.03479,4.93271,4.31292,10,48
2021-05-09,0.2423711,0.3052104,0.2413846,0.2249803,5.46146,5.1625,4.70312,4.07958,10,48
2021-05-10,0.2334828,0.3035818,0.2403113,0.2178843,3.44313,3.58062,3.42146,2.97313,10,48
2021-05-11,0.250643,0.3055262,0.2561226,0.2138479,5.94298,5.57229,4.75173,3.85216,10,48
2021-05-12,0.2549049,0.3040446,0.268123,0.2148017,9.15021,8.57458,7.41771,5.77792,10,48
2021-05-13,0.2469839,0.302155,0.2670791,0.2152189,9.28542,8.76646,7.61854,6.09583,10,48
2021-05-14,0.2422897,0.3011006,0.2683673,0.2155347,10.36146,9.81521,8.69396,6.86,10,48
2021-05-15,0.2391293,0.2985041,0.2678961,0.2155064,9.51125,9.52146,8.9,7.37833,10,48
2021-05-16,0.239341,0.2986904,0.2668658,0.2143472,10.26896,9.7025,8.66667,7.31417,10,48
2021-05-17,0.2360339,0.2991369,0.2677791,0.2145433,11.48667,10.81979,9.53729,7.71271,10,48
2021-05-18,0.2317737,0.2990565,0.268711,0.2150914,12.54479,11.82208,10.44542,8.33104,10,48
2021-05-19,0.228535,0.2999081,0.2699987,0.215756,14.04021,13.17083,11.51229,9.025,10,48
2021-05-20,0.2233634,0.298711,0.2705586,0.2168641,14.40229,13.72708,12.26167,9.77188,10,48
2021-05-21,0.2192748,0.2972806,0.2702498,0.2168564,14.54333,13.92104,12.56792,10.25271,10,48
2021-05-22,0.215342,0.2961916,0.2701997,0.2168158,14.85146,14.25833,12.95917,10.66729,10,48
2021-05-23,0.2067391,0.2899224,0.2680437,0.2164996,11.93292,12.54813,12.44146,10.95979,10,48
2021-05-24,0.2153219,0.2897871,0.2598585,0.2160904,10.38187,11.05604,11.4475,11.38458,10,48
2021-05-25,0.2217799,0.293039,0.2558096,0.2151678,12.36333,12.4325,12.31167,12.2675,10,48
2021-05-26,0.2242344,0.2959549,0.2569433,0.2143602,14.75458,14.27375,13.19146,12.01896,10,48
2021-05-27,0.2257299,0.2904156,0.2585461,0.2117115,14.78173,14.47635,13.51788,12.0025,10,48
2021-05-28,0.2240378,0.2848886,0.2585271,0.2097537,16.43083,16.37146,15.73771,14.22833,10,48
2021-05-29,0.2226095,0.2838693,0.2566856,0.2105786,16.49175,16.16722,15.05608,13.55794,10,48
2021-05-30,0.2125564,0.2790195,0.2554006,0.2149617,18.54208,18.34021,17.27958,15.33188,10,48
2021-05-31,0.2112511,0.2803741,0.2547755,0.2151126,19.82,19.10792,17.33438,14.94729,10,48
2021-06-01,0.2078038,0.2769386,0.2559351,0.2149649,19.35312,19.61437,18.97042,16.83708,10,48
2021-06-02,0.2253619,0.2777233,0.2533471,0.2134055,16.37625,16.92375,17.16729,16.54417,10,48
2021-06-03,0.2709721,0.2982799,0.2572769,0.2123401,15.30021,15.72875,15.83271,15.65812,10,48
2021-06-04,0.2636543,0.2958344,0.2568608,0.2129283,14.44333,14.50979,14.20917,14.00396,10,48
2021-06-05,0.2616929,0.2932954,0.2583893,0.2128619,16.01688,16.02208,15.54687,14.81542,10,48
2021-06-06,0.2564847,0.2932942,0.2563004,0.2139054,15.52563,15.32812,14.42521,13.2625,10,48
2021-06-07,0.2522103,0.2927851,0.2575418,0.2144826,18.84583,17.90375,16.01437,13.84854,10,48
2021-06-08,0.246744,0.2916279,0.2593109,0.2159714,20.85333,20.14,18.29646,15.20833,10,48
2021-06-09,0.2403992,0.2887818,0.2599427,0.216696,21.65875,21.24292,19.82333,16.84333,10,48
2021-06-10,0.2349276,0.2846393,0.2595593,0.2162958,21.08229,21.16167,20.485,18.23938,10,48
2021-06-11,0.2375693,0.2858601,0.2547589,0.2164538,18.91521,18.38167,17.17062,15.33708,10,48
2021-06-12,0.2394498,0.2889558,0.2576241,0.2169346,21.95104,21.23167,19.37042,16.32583,10,48
2021-06-13,0.2351882,0.2876107,0.2606601,0.2170805,24.75792,24.12,22.40937,19.09562,10,48
2021-06-14,0.2287966,0.2854545,0.2596303,0.2172777,23.7825,23.49812,22.25833,19.39438,10,48
2021-06-15,0.223486,0.2812158,0.2583209,0.216327,22.58771,22.68458,22.135,20.27937,10,48
2021-06-16,0.2238999,0.282849,0.2553039,0.2160612,21.77917,21.29708,19.95104,17.83896,10,48
2021-06-17,0.2450107,0.2873591,0.2545024,0.2166598,19.05625,19.45229,19.04833,17.32688,10,48
2021-06-18,0.2560803,0.2891853,0.2566826,0.2149182,19.40479,19.79771,19.68625,18.86917,10,48
2021-06-19,0.2494446,0.2887946,0.2563422,0.2144368,20.79896,20.38542,19.32333,17.94854,10,48
2021-06-20,0.2460581,0.2864068,0.2555926,0.2148283,19.775,19.8125,19.21333,17.64062,10,48
2021-06-21,0.24452,0.2852029,0.256118,0.2140604,21.35583,21.05354,20.17479,18.68021,10,48
2021-06-22,0.2404702,0.285619,0.2542809,0.2146063,21.07208,20.63833,19.37479,17.43479,10,48
2021-06-23,0.2346835,0.2862741,0.2481376,0.216799,18.17396,17.8575,16.73042,14.60437,10,48
2021-06-24,0.2286416,0.2839874,0.2487877,0.216858,20.11062,19.85875,18.615,16.12167,10,48
2021-06-25,0.2205361,0.2808372,0.2468292,0.2167047,20.44396,20.19979,19.04458,16.59021,10,48
2021-06-26,0.2129183,0.2752818,0.249213,0.2146415,23.77521,23.56958,22.44208,20.10104,10,48
2021-06-27,0.2061901,0.2703953,0.2478842,0.2131971,23.20646,23.26063,22.74771,21.08104,10,48
2021-06-28,0.2060998,0.2713476,0.2429854,0.2124206,22.16958,21.50604,20.14625,18.39042,10,48
2021-06-29,0.2003962,0.2700382,0.2413714,0.2119951,22.19646,21.84563,20.60063,18.27437,10,48
2021-06-30,0.1949896,0.2673771,0.2390335,0.211035,22.19188,21.82896,20.67437,18.35458,10,48
2021-07-01,0.2077365,0.2627022,0.2399347,0.2087805,24.26667,24.16625,23.40125,21.39937,10,48
2021-07-02,0.2168589,0.263107,0.2361371,0.2075106,22.60125,22.45063,21.48771,19.52396,10,48
2021-07-03,0.2122389,0.2665125,0.227335,0.2082782,17.695,17.36417,16.61292,15.08312,10,48
2021-07-04,0.2096043,0.2589366,0.2312795,0.205087,20.36167,20.76208,20.78187,19.64708,10,48
2021-07-05,0.2134602,0.2581706,0.2316412,0.2024383,22.81542,22.56167,22.01146,21.01125,10,48
2021-07-06,0.2086366,0.2622405,0.2196353,0.2048768,14.8025,14.73896,14.33333,13.43,10,48
2021-07-07,0.2425515,0.302832,0.2350363,0.2127944,12.14438,11.99708,11.57062,10.7675,10,48
2021-07-08,0.2497047,0.3055352,0.2421458,0.2184179,11.79333,11.78958,11.52625,10.795,10,48
2021-07-09,0.2570028,0.3104849,0.2472531,0.2219328,12.12,11.92479,11.44708,10.70396,10,48
2021-07-10,0.2472926,0.3015512,0.2429363,0.217601,12.865,12.73729,12.28583,11.42125,10,48
2021-07-11,0.2393372,0.2955001,0.2358829,0.2161153,12.76187,12.44937,11.8,10.80667,10,48
2021-07-12,0.2316241,0.2882437,0.230725,0.2139366,13.18812,12.87438,12.20396,11.07271,10,48
2021-07-13,0.2280382,0.2759973,0.235091,0.2045074,20.91479,20.11396,18.7525,16.70021,10,48
2021-07-14,0.2109478,0.2724572,0.2187981,0.2083548,13.81458,13.55667,12.88021,11.5275,10,48
2021-07-15,0.1997195,0.2655583,0.2128227,0.2056189,13.53396,13.30938,12.76396,11.62417,10,48
2021-07-16,0.1917746,0.2604205,0.207991,0.2025255,13.64687,13.36333,12.77271,11.64042,10,48
2021-07-17,0.1853818,0.2537419,0.2072802,0.1973121,15.58271,15.22563,14.48271,13.20125,10,48
2021-07-18,0.1724597,0.2490809,0.1988071,0.195319,13.97917,13.66688,13.02313,11.81917,10,48
2021-07-19,0.1642644,0.2429832,0.1962397,0.1903146,14.8275,14.50604,13.87438,12.63812,10,48
2021-07-20,0.1552468,0.2387899,0.190994,0.1878737,13.92833,13.66917,13.105,11.9675,10,48
2021-07-21,0.1495587,0.2351051,0.1881113,0.184409,13.97021,13.69146,13.10875,11.99125,10,48
2021-07-22,0.1439049,0.2312811,0.1856036,0.181419,13.75521,13.52208,13.03104,12.00708,10,48
2021-07-23,0.144282,0.2288687,0.1869329,0.1760499,16.18104,15.70646,14.95396,13.72604,10,48
2021-07-24,0.1357098,0.225629,0.181556,0.1757961,13.925,13.64083,13.10479,12.04521,10,48
2021-07-25,0.1306398,0.2218833,0.1795928,0.1740779,13.35896,13.25792,12.92625,12.04438,10,48
2021-07-26,0.1297763,0.2202819,0.1780906,0.1723959,13.54313,13.27354,12.78396,11.91312,10,48
2021-07-27,0.129422,0.2186078,0.1788682,0.1695308,14.79813,14.48938,13.88042,12.89854,10,48
2021-07-28,0.127965,0.2167078,0.1784896,0.1678501,15.16125,14.83188,14.255,13.19458,10,48
2021-07-29,0.1244146,0.2136361,0.1766456,0.1668512,14.36083,14.21271,13.81792,12.88479,10,48
2021-07-30,0.1256674,0.2123993,0.1735502,0.1671826,12.90583,12.82042,12.5425,11.84,10,48
2021-07-31,0.25477,0.3040442,0.2537662,0.2092068,12.5325,12.46854,12.2075,11.68437,10,48
2021-08-01,0.2749655,0.3250792,0.2642889,0.238032,12.50083,12.48188,12.22938,11.65333,10,48
2021-08-02,0.2786383,0.3256466,0.2624024,0.2359497,11.21167,11.51021,11.69083,11.51375,10,48
2021-08-03,0.2841119,0.3286686,0.2664006,0.2422269,11.09625,11.18542,11.15667,11.10646,10,48
2021-08-04,0.2728574,0.3194675,0.2587154,0.2364158,10.90833,10.97708,10.94208,10.85958,10,48
2021-08-05,0.267825,0.314876,0.2545876,0.2320387,11.35125,11.2975,11.05333,10.73833,10,48
2021-08-06,0.2602357,0.3082236,0.2500365,0.2279886,11.40854,11.355,11.10333,10.72625,10,48
2021-08-07,0.251034,0.2999607,0.2446069,0.223497,11.33646,11.29083,11.06688,10.70563,10,48
2021-08-08,0.2441495,0.2909456,0.2409223,0.2167372,12.37167,12.26812,11.92687,11.41542,10,48
2021-08-09,0.2335147,0.2838256,0.2334772,0.2142806,11.55521,11.5225,11.26292,10.75479,10,48
2021-08-10,0.2226651,0.2758384,0.2276507,0.2102596,10.79271,10.95354,10.95271,10.70438,10,48
2021-08-11,0.2226755,0.2734585,0.2240561,0.2076634,10.43646,10.59042,10.60937,10.50542,10,48
2021-08-12,0.2321837,0.2796091,0.2221399,0.2059249,10.16771,10.29083,10.305,10.27979,10,48
2021-08-13,0.2382051,0.282636,0.2246171,0.2011584,11.45083,11.52604,11.48979,11.34063,10,48
2021-08-14,0.2343494,0.2845353,0.2204886,0.2030247,10.10854,10.16083,10.06,9.95542,10,48
2021-08-15,0.2301511,0.2811858,0.2190794,0.2013808,10.1575,10.15833,10.02042,9.86792,10,48
2021-08-16,0.2311092,0.2825853,0.2205646,0.200511,10.33792,10.28708,10.08521,9.83979,10,48
2021-08-17,0.2687196,0.3163078,0.2471147,0.2101671,10.35354,10.36771,10.19729,9.88417,10,48
2021-08-18,0.2607685,0.3084065,0.243344,0.2104496,10.48354,10.41083,10.16604,9.86292,10,48
2021-08-19,0.2526814,0.3002197,0.239177,0.2092221,10.88375,10.74812,10.40042,9.92563,10,48
2021-08-20,0.2446602,0.2927551,0.2350904,0.2080965,10.70708,10.70729,10.50563,10.04542,10,48
2021-08-21,0.2616785,0.3058063,0.2335158,0.207325,10.36063,10.42604,10.32396,10.02854,10,48
2021-08-22,0.2695753,0.3155813,0.2381991,0.2072873,10.48083,10.43792,10.21562,9.92521,10,48
2021-08-23,0.2812128,0.3251097,0.2577791,0.2257278,10.79104,10.66271,10.34521,9.93771,10,48
2021-08-24,0.2697011,0.3145857,0.2524049,0.2265417,10.71479,10.66521,10.43083,10.01333,10,48
2021-08-25,0.2801921,0.3250336,0.2537757,0.225786,10.66937,10.67875,10.48583,10.05667,10,48
2021-08-26,0.2752075,0.3197851,0.2520745,0.2257718,10.30625,10.36917,10.26667,10.01271,10,48
2021-08-27,0.2679406,0.3137403,0.2490104,0.2242727,10.03021,10.10062,10.03813,9.88542,10,48
2021-08-28,0.2591193,0.3059811,0.2450967,0.2221374,9.78479,9.87146,9.83833,9.7475,10,48
2021-08-29,0.2575839,0.3043955,0.241793,0.2200457,9.58563,9.71979,9.69792,9.62021,10,48
2021-08-30,0.2492235,0.298402,0.2380174,0.2177264,8.87042,9.09771,9.26125,9.42271,10,48
2021-08-31,0.2406914,0.2913887,0.2339025,0.2150234,8.72354,8.83354,8.91417,9.14646,10,48
2021-09-01,0.2428447,0.2941144,0.2326164,0.2127544,9.32854,9.26687,9.09021,9.02979,10,48
2021-09-02,0.2633177,0.3130277,0.2378093,0.2142804,9.67958,9.6025,9.35354,9.10354,10,48
2021-09-03,0.256307,0.3050556,0.2359497,0.2145082,9.77063,9.73042,9.50396,9.20021,10,48
2021-09-04,0.248169,0.2972383,0.2329587,0.2132551,9.79937,9.76521,9.54625,9.25104,10,48
2021-09-05,0.239223,0.289188,0.2293857,0.2116749,9.70917,9.71792,9.55146,9.28,10,48
2021-09-06,0.2311008,0.2827049,0.2262275,0.2100399,9.49562,9.53354,9.43021,9.25562,10,48
2021-09-07,0.2513752,0.3004175,0.2252049,0.2087664,9.29354,9.39854,9.35562,9.21562,10,48
2021-09-08,0.2518664,0.3028989,0.2249285,0.2074668,8.86375,8.97646,9.00479,9.06229,10,48
2021-09-09,0.2700098,0.3205578,0.2304511,0.2067698,8.58062,8.75792,8.85,8.93146,10,48
2021-09-10,0.2859277,0.3289676,0.2494149,0.21402,8.54146,8.65729,8.65646,8.74417,10,48
2021-09-11,0.3000693,0.3324772,0.269354,0.2539451,7.34396,7.59521,7.75271,8.08417,10,48
2021-09-12,0.2834611,0.3201762,0.2602245,0.2483214,7.11729,7.35583,7.57354,8.04854,10,48
2021-09-13,0.2782528,0.3157633,0.2561299,0.2430033,7.07313,7.3025,7.49396,7.90479,10,48
2021-09-14,0.2752605,0.31376,0.2535814,0.2394347,7.18875,7.30917,7.38521,7.74896,10,48
2021-09-15,0.2709156,0.3105766,0.2516476,0.2367475,7.74688,7.71583,7.59021,7.70812,10,48
2021-09-16,0.2773379,0.3146125,0.2507745,0.2347862,7.93271,8.00104,7.89479,7.82188,10,48
2021-09-17,0.2739119,0.3129807,0.2497186,0.2332793,7.51208,7.61708,7.63896,7.79604,10,48
2021-09-18,0.2678296,0.3084808,0.2481794,0.2316342,7.75146,7.79646,7.72021,7.76042,10,48
2021-09-19,0.2612527,0.3039791,0.2462965,0.2300449,7.73458,7.80583,7.7475,7.76521,10,48
2021-09-20,0.2580192,0.300384,0.2443246,0.2284541,7.42646,7.57271,7.63271,7.75354,10,48
2021-09-21,0.3113285,0.3378382,0.2661111,0.2397183,7.64562,7.69562,7.63563,7.69125,10,48
2021-09-22,0.3014414,0.3323796,0.2669312,0.2507588,7.69333,7.74417,7.67458,7.68333,10,48
2021-09-23,0.2915578,0.3252634,0.262554,0.2481113,7.63063,7.72125,7.66125,7.66646,10,48
2021-09-24,0.2816916,0.3180213,0.2583518,0.2451363,6.92167,7.13167,7.30208,7.57375,10,48
2021-09-25,0.2802519,0.3163583,0.2558908,0.2425137,6.96667,7.09646,7.17938,7.42625,10,48
2021-09-26,0.2823029,0.318045,0.2552552,0.2407506,7.79687,7.68021,7.42771,7.38708,10,48
2021-09-27,0.2841425,0.3201041,0.2550369,0.2398133,8.24563,8.14708,7.83917,7.55458,10,48
2021-09-28,0.2811445,0.318113,0.2543987,0.2389992,8.13104,8.105,7.91958,7.69917,10,48
2021-09-29,0.2726525,0.3131373,0.2527629,0.2379258,7.65167,7.87,7.89104,7.76813,10,48
2021-09-30,0.2622464,0.3059857,0.2494181,0.2359437,5.685,6.25313,6.87125,7.51167,10,48
2021-10-01,0.2570485,0.3017677,0.2466417,0.2335222,5.02833,5.48688,6.04958,6.965,10,48
2021-10-02,0.2529681,0.2990469,0.2446199,0.23139,4.84208,5.16354,5.61896,6.51792,10,48
2021-10-03,0.2521162,0.2989838,0.2442129,0.2299591,6.03437,6.02375,5.97167,6.33875,10,48
2021-10-04,0.2462964,0.2960792,0.2432256,0.2291725,5.61688,5.87917,6.05167,6.40396,10,48
2021-10-05,0.2418722,0.2931348,0.2416909,0.2278799,5.32021,5.55917,5.78667,6.28125,10,48
2021-10-06,0.2372593,0.2902578,0.2400702,0.2265119,4.75063,5.08083,5.4575,6.10333,10,48
2021-10-07,0.2343595,0.2885814,0.2388829,0.2251719,4.74979,5.03167,5.29542,5.90208,10,48
2021-10-08,0.2319217,0.2865164,0.2380436,0.2235456,4.74604,4.94104,5.17042,5.86,10,48
2021-10-09,0.2347217,0.2869341,0.2377413,0.2225723,5.58333,5.51042,5.41354,5.78625,10,48
2021-10-10,0.2461671,0.2917536,0.242021,0.2182825,7.03438,6.99896,7.01833,7.38542,10,48
2021-10-11,0.2452587,0.2895126,0.2448159,0.2122959,7.62542,7.53104,7.86312,9.38563,10,48
2021-10-12,0.242311,0.2877435,0.2433836,0.2108027,7.03854,6.80979,7.28729,8.68417,10,48
2021-10-13,0.2407843,0.2870353,0.2430757,0.2104113,7.74271,7.18792,7.40375,8.71521,10,48
2021-10-14,0.2400088,0.2873115,0.243572,0.2098617,9.05354,8.37042,8.25021,8.87458,10,48
2021-10-15,0.2327941,0.2831945,0.2416167,0.2095711,6.26833,6.51479,7.29229,8.58188,10,48
2021-10-16,0.2251845,0.2795691,0.2381852,0.2095545,3.67437,4.39708,5.65396,7.53,10,48
2021-10-17,0.221007,0.2766791,0.2361388,0.2073871,2.43937,3.09771,4.3325,6.71,10,48
2021-10-18,0.2236459,0.2772303,0.2367888,0.2053666,3.35104,3.71146,4.57333,6.64688,10,48
2021-10-19,0.2202874,0.2750879,0.2353082,0.2040029,2.13708,2.80167,3.88,6.04083,10,48
2021-10-20,0.2185329,0.2741109,0.2333447,0.2043769,1.98333,2.45187,3.28208,5.27833,10,48
2021-10-21,0.2090672,0.2737568,0.225732,0.2113634,1.52625,1.87896,2.31667,3.38646,10,48
2021-10-22,0.2098999,0.2739166,0.2254247,0.2107403,1.86542,2.08771,2.3675,3.28542,10,48
2021-10-23,0.2112515,0.2743444,0.2254467,0.2103973,2.245,2.40646,2.57521,3.29104,10,48
2021-10-24,0.2129862,0.2751374,0.2257148,0.2102424,2.83708,2.90333,2.92458,3.38604,10,48
2021-10-25,0.2135169,0.2755427,0.2259993,0.2103035,3.30583,3.30188,3.25479,3.55833,10,48
2021-10-26,0.2137607,0.2758998,0.2264858,0.2104456,3.73646,3.8025,3.70938,3.78792,10,48
2021-10-27,0.2104219,0.2738065,0.2256259,0.2103232,2.97583,3.22708,3.46521,3.88312,10,48
2021-10-28,0.2088504,0.2727465,0.2248522,0.2097194,2.79083,3.01,3.26167,3.78542,10,48
2021-10-29,0.2083131,0.2724043,0.2244376,0.2091259,2.97479,3.11979,3.25396,3.71333,10,48
2021-10-30,0.2092425,0.2729888,0.2245463,0.2088938,3.62833,3.62688,3.52188,3.75958,10,48
2021-10-31,0.2049734,0.270761,0.2240624,0.2088642,2.59646,3.10875,3.48625,3.89063,10,48
2021-11-01,0.203804,0.2693276,0.2227676,0.2080276,2.45083,2.75604,3.02229,3.66688,10,48
2021-11-02,0.201806,0.2676826,0.2217645,0.2072534,1.85583,2.2225,2.63792,3.47021,10,48
2021-11-03,0.2035719,0.2684949,0.22171,0.2066136,2.49187,2.64896,2.78146,3.33542,10,48
2021-11-04,0.2036732,0.2684582,0.2214941,0.2062896,2.60021,2.71833,2.84458,3.33271,10,48
2021-11-05,0.2042166,0.2687038,0.2214121,0.2060336,2.89458,2.93792,2.98417,3.37313,10,48
2021-11-06,0.2010392,0.2671475,0.2210613,0.2060154,1.9775,2.49979,2.96562,3.46542,10,48
2021-11-07,0.1984251,0.264806,0.219353,0.2050728,1.12813,1.59688,2.18187,3.17542,10,48
2021-11-08,0.2190748,0.280863,0.2279153,0.2070195,1.03187,1.35729,1.84708,2.85604,10,48
2021-11-09,0.2664644,0.3112052,0.244943,0.2167273,1.03917,1.30083,1.68833,2.61792,10,48
2021-11-10,0.2647251,0.3084598,0.2430596,0.2157161,1.04854,1.31354,1.64854,2.4925,10,48
2021-11-11,0.2658998,0.3083141,0.2413144,0.2146175,1.03667,1.28583,1.59625,2.39917,10,48
2021-11-12,0.2637577,0.3070815,0.2407471,0.2139061,0.82833,1.1225,1.47896,2.30854,10,48
2021-11-13,0.259731,0.3040797,0.2390331,0.2132252,0.74479,1.01312,1.34146,2.18104,10,48
2021-11-14,0.2567104,0.301995,0.2375464,0.2125537,0.65521,0.94229,1.26917,2.08312,10,48
2021-11-15,0.2493006,0.2985752,0.2360764,0.2117344,0.46583,0.77417,1.12292,1.98333,10,48
2021-11-16,0.2419547,0.2950176,0.2346285,0.2110493,0.37292,0.6725,1.00729,1.86937,10,48
2021-11-17,0.2449194,0.2963714,0.2336053,0.2101714,0.33188,0.60146,0.92646,1.77333,10,48
2021-11-18,0.2715714,0.3109112,0.2375747,0.2101447,0.41333,0.65083,0.90958,1.69708,10,48
2021-11-19,0.2591138,0.3061547,0.2386473,0.2106865,0.35729,0.61187,0.895,1.65146,10,48
2021-11-20,0.2323357,0.2984058,0.2367659,0.2108885,0.22938,0.50146,0.80938,1.58396,10,48
2021-11-21,0.1704887,0.2783865,0.2347717,0.2107451,-0.01771,0.33979,0.68292,1.50083,10,48
2021-11-22,0.1522601,0.253437,0.2325183,0.2101454,-0.22958,0.21771,0.56104,1.39688,10,48
2021-11-23,0.1356344,0.2028917,0.2290925,0.2094851,-0.69833,-0.02896,0.43354,1.28813,10,48
2021-11-24,0.1283727,0.1795025,0.2200143,0.2083063,-1.07854,-0.35188,0.29667,1.17854,10,48
2021-11-25,0.1223648,0.1683061,0.1905026,0.206654,-1.47146,-0.73646,0.13667,1.0575,10,48
2021-11-26,0.1217934,0.1654503,0.1576529,0.2044785,-1.40667,-0.84604,-0.06229,0.94292,10,48
2021-11-27,0.1188763,0.1614853,0.1452117,0.2020908,-1.64396,-1.0975,-0.27271,0.83417,10,48
2021-11-28,0.1284379,0.1662244,0.1439958,0.1991814,-0.77333,-0.61271,-0.24667,0.74354,10,48
2021-11-29,0.1481555,0.1796297,0.1492409,0.1969165,-0.12125,-0.08458,-0.04167,0.69542,10,48
2021-11-30,0.128921,0.1704207,0.1482989,0.1966673,-1.02562,-0.54542,-0.10479,0.68208,10,48
2021-12-01,0.1128179,0.1562507,0.1389269,0.1956382,-2.35104,-1.58229,-0.56354,0.62937,10,48
2021-12-02,0.1131329,0.1546901,0.1341842,0.1926154,-2.04667,-1.605,-0.85479,0.52271,10,48
2021-12-03,0.1098446,0.1528133,0.1328463,0.1884561,-2.48625,-1.84938,-1.00104,0.41125,10,48
2021-12-04,0.1028007,0.1457786,0.127736,0.180761,-3.29917,-2.63313,-1.59375,0.28979,10,48
2021-12-05,0.1134951,0.1519381,0.1288157,0.156279,-1.73375,-1.63146,-1.29271,0.12104,10,48
2021-12-06,0.1225909,0.1610581,0.1341585,0.1472618,-0.98646,-0.74917,-0.61188,0.07938,10,48
2021-12-07,0.1120824,0.1531038,0.1312997,0.1455129,-2.00708,-1.59937,-1.04208,0.05479,10,48
2021-12-08,0.1118001,0.1522321,0.1301357,0.1394631,-1.99833,-1.68375,-1.20354,-0.01687,10,48
2021-12-09,0.1225445,0.158236,0.1320345,0.1365165,-1.04271,-1.02458,-0.88187,-0.05958,10,48
2021-12-10,0.148177,0.1727256,0.1390361,0.1378434,-0.1275,-0.18979,-0.31542,0.0,10,48
2021-12-11,0.1293096,0.1634269,0.1383107,0.1400626,-1.10646,-0.76958,-0.45854,0.04146,10,48
2021-12-12,0.112376,0.1502006,0.1321048,0.1385425,-3.00021,-2.17812,-1.19437,-0.00708,10,48
2021-12-13,0.1048084,0.1411753,0.1247687,0.1305286,-3.8775,-3.275,-2.26521,-0.26229,10,48
2021-12-14,0.1085969,0.1439379,0.1252917,0.1254023,-3.10792,-2.7,-2.07188,-0.49958,10,48
2021-12-15,0.1056811,0.1417632,0.1242131,0.1231139,-3.62958,-3.11583,-2.325,-0.65792,10,48
2021-12-16,0.1056718,0.1420817,0.1241095,0.1213123,-3.58938,-3.04813,-2.31062,-0.79563,10,48
2021-12-17,0.1004435,0.1371881,0.1211672,0.1186491,-4.74583,-4.07854,-3.03729,-1.06625,10,48
2021-12-18,0.0994176,0.13551,0.1191793,0.1154144,-4.92458,-4.35438,-3.43125,-1.42187,10,48
2021-12-19,0.0998075,0.1354498,0.1185916,0.1134973,-4.76583,-4.30229,-3.52083,-1.66229,10,48
2021-12-20,0.1031266,0.1380455,0.1195503,0.1130401,-3.89583,-3.63833,-3.16563,-1.70271,10,48
2021-12-21,0.1019456,0.1379408,0.1201817,0.1133756,-4.26479,-3.70875,-2.98479,-1.60104,10,48
2021-12-22,0.0974797,0.1341142,0.1176062,0.1088372,-6.90188,-5.98438,-4.48854,-2.36396,10,48
2021-12-23,0.0965926,0.1340819,0.1163891,0.1033371,-9.36542,-8.27229,-6.00417,-3.56896,10,48
2021-12-24,0.0933891,0.1302972,0.1136894,0.1008494,-10.87687,-9.56687,-6.99375,-4.35583,10,48
2021-12-25,0.0906025,0.126857,0.1110524,0.0978925,-12.08542,-10.80708,-8.09479,-5.29313,10,48
2021-12-26,0.0908858,0.1261562,0.1098032,0.0956181,-11.88729,-10.7725,-8.31542,-5.87979,10,48
2021-12-27,0.0916657,0.1270687,0.1100265,0.0950225,-10.94896,-10.08333,-8.07812,-6.02167,10,48
2021-12-28,0.0932135,0.1281971,0.1103694,0.0947572,-10.47896,-9.77646,-7.85187,-6.09313,10,48
2021-12-29,0.0936211,0.1290778,0.1116835,0.0951375,-9.87854,-9.01542,-7.18771,-5.69583,10,48
2021-12-30,0.092572,0.1282189,0.1108038,0.0952564,-10.33604,-9.49021,-7.49437,-5.9625,10,48
2021-12-31,0.0897607,0.1249855,0.1090346,0.0943086,-11.52708,-10.40333,-8.34708,-6.28688,10,48
