{
  "met_daily_rows": 512,
  "soil_daily_rows": 512,
  "merged_rows": 512,
  "date_range_met": [
    "2020-08-07",
    "2021-12-31"
  ],
  "date_range_soil": [
    "2020-08-07",
    "2021-12-31"
  ],
  "date_range_merged": [
    "2020-08-07",
    "2021-12-31"
  ],
  "columns_merged": [
    "date",
    "sm5",
    "sm10",
    "sm20",
    "sm40",
    "st5",
    "st10",
    "st20",
    "st40",
    "nodes",
    "obs48",
    "T",
    "U",
    "Ff",
    "ff10",
    "VV",
    "Td",
    "VPD",
    "RRR",
    "Po",
    "P",
    "Pa",
    "T_max",
    "T_min"
  ]
}